Season,Name,Team,League,W,L,SV,G,GS,IP,K/9,BB/9,HR/9,BABIP,LOB%,GB%,HR/FB,ERA,FIP,xFIP,WAR,playerid,Y
2009,Zack Greinke,Royals,AL,16,8,0,33,33,229.1,9.5,2,0.43,0.303,0.793,0.4,0.045,2.16,2.33,3.09,8.6,1943,1
2009,Justin Verlander,Tigers,AL,19,9,0,35,35,240,10.09,2.36,0.75,0.319,0.727,0.36,0.074,3.45,2.8,3.2,7.7,8700,0
2017,Chris Sale,Red Sox,AL,17,8,0,32,32,214.1,12.93,1.81,1.01,0.301,0.784,0.387,0.121,2.9,2.45,2.65,7.7,10603,0
2014,Corey Kluber,Indians,AL,18,9,0,34,34,235.2,10.27,1.95,0.53,0.316,0.786,0.48,0.074,2.44,2.35,2.57,7.4,2429,1
2017,Corey Kluber,Indians,AL,18,4,0,29,29,203.2,11.71,1.59,0.93,0.267,0.826,0.445,0.135,2.25,2.5,2.52,7.3,2429,1
2010,Cliff Lee,- - -,AL,12,9,0,28,28,212.1,7.84,0.76,0.68,0.287,0.679,0.419,0.063,3.18,2.58,3.06,7,1636,0
2009,Roy Halladay,Blue Jays,AL,17,10,0,32,32,239,7.83,1.32,0.83,0.306,0.79,0.502,0.106,2.79,3.06,3,7,1303,0
2012,Justin Verlander,Tigers,AL,17,8,0,33,33,238.1,9.03,2.27,0.72,0.273,0.764,0.423,0.083,2.64,2.94,3.31,6.8,8700,0
2008,Cliff Lee,Indians,AL,22,3,0,31,31,223.1,6.85,1.37,0.48,0.301,0.783,0.459,0.051,2.54,2.83,3.52,6.7,1636,1
2008,Roy Halladay,Blue Jays,AL,20,11,0,33,33,243.2,7.53,1.44,0.66,0.284,0.744,0.537,0.094,2.81,3.05,3.12,6.6,1303,0
2015,David Price,- - -,AL,18,5,0,32,32,220.1,9.19,1.92,0.69,0.29,0.786,0.404,0.078,2.45,2.78,3.24,6.5,3184,0
2007,CC Sabathia,Indians,AL,19,7,0,34,34,241,7.8,1.38,0.75,0.311,0.741,0.45,0.078,3.21,3.14,3.4,6.4,404,1
2011,Justin Verlander,Tigers,AL,24,5,0,34,34,251,8.96,2.04,0.86,0.236,0.803,0.402,0.088,2.4,2.99,3.12,6.4,8700,1
2011,CC Sabathia,Yankees,AL,19,8,0,33,33,237.1,8.72,2.31,0.64,0.318,0.77,0.466,0.084,3,2.88,3.02,6.4,404,0
2010,Justin Verlander,Tigers,AL,18,9,0,33,33,224.1,8.79,2.85,0.56,0.286,0.72,0.41,0.056,3.37,2.97,3.52,6.3,8700,0
2009,Felix Hernandez,Mariners,AL,19,5,0,34,34,238.2,8.18,2.68,0.57,0.278,0.767,0.534,0.075,2.49,3.09,3.37,6.2,4772,0
2012,Felix Hernandez,Mariners,AL,13,9,0,33,33,232,8.65,2.17,0.54,0.308,0.75,0.489,0.077,3.06,2.84,3.2,6.1,4772,0
2015,Chris Sale,White Sox,AL,13,11,0,31,31,208.2,11.82,1.81,0.99,0.323,0.732,0.426,0.125,3.41,2.73,2.6,6.1,10603,0
2014,Felix Hernandez,Mariners,AL,15,6,0,34,34,236,9.46,1.75,0.61,0.258,0.77,0.562,0.101,2.14,2.56,2.51,6.1,4772,0
2011,Dan Haren,Angels,AL,15,10,0,34,34,237.1,7.24,1.25,0.76,0.272,0.715,0.425,0.075,3.19,2.99,3.3,6.1,1757,0
2013,Max Scherzer,Tigers,AL,21,3,0,32,32,214.1,10.08,2.35,0.76,0.259,0.744,0.363,0.076,2.9,2.74,3.16,6.1,3137,1
2014,David Price,- - -,AL,15,12,0,34,34,248.1,9.82,1.38,0.91,0.306,0.727,0.412,0.097,3.26,2.78,2.76,6,3184,0
2013,Anibal Sanchez,Tigers,AL,14,8,0,29,29,182,9.99,2.67,0.45,0.307,0.782,0.454,0.058,2.57,2.39,2.91,6,3284,0
2009,CC Sabathia,Yankees,AL,19,8,0,34,34,230,7.71,2.62,0.7,0.277,0.714,0.429,0.074,3.37,3.39,3.77,5.9,404,0
2010,Felix Hernandez,Mariners,AL,13,12,0,34,34,249.2,8.36,2.52,0.61,0.263,0.774,0.539,0.085,2.27,3.04,3.14,5.9,4772,1
2015,Dallas Keuchel,Astros,AL,20,8,0,33,33,232,8.38,1.98,0.66,0.269,0.794,0.617,0.136,2.48,2.91,2.75,5.9,9434,1
2014,Phil Hughes,Twins,AL,16,10,0,32,32,209.2,7.98,0.69,0.69,0.324,0.701,0.363,0.062,3.52,2.65,3.18,5.9,7450,0
2010,Jered Weaver,Angels,AL,13,12,0,34,34,224.1,9.35,2.17,0.92,0.276,0.757,0.36,0.078,3.01,3.06,3.32,5.9,4235,0
2017,Luis Severino,Yankees,AL,14,6,0,31,31,193.1,10.71,2.37,0.98,0.272,0.755,0.506,0.14,2.98,3.07,3.04,5.8,15890,0
2013,Felix Hernandez,Mariners,AL,12,10,0,31,31,204.1,9.51,2.03,0.66,0.314,0.751,0.514,0.1,3.04,2.61,2.66,5.7,4772,0
2010,Francisco Liriano,Twins,AL,14,10,0,31,31,191.2,9.44,2.72,0.42,0.331,0.731,0.536,0.063,3.62,2.66,2.95,5.7,3201,0
2007,Josh Beckett,Red Sox,AL,20,7,0,30,30,200.2,8.7,1.79,0.76,0.304,0.752,0.473,0.08,3.27,3.08,3.31,5.7,510,0
2011,Jered Weaver,Angels,AL,18,8,0,33,33,235.2,7.56,2.14,0.76,0.25,0.826,0.325,0.063,2.41,3.2,3.8,5.7,4235,0
2014,Jon Lester,- - -,AL,16,11,0,32,32,219.2,9.01,1.97,0.66,0.299,0.761,0.424,0.072,2.46,2.8,3.1,5.6,4930,0
2015,Corey Kluber,Indians,AL,9,16,0,32,32,222,9.93,1.82,0.89,0.297,0.714,0.424,0.107,3.49,2.97,3.05,5.6,2429,0
2017,Carlos Carrasco,Indians,AL,18,6,0,32,32,200,10.17,2.07,0.95,0.307,0.782,0.452,0.124,3.29,3.1,3.24,5.5,6632,0
2008,Ervin Santana,Angels,AL,16,7,0,32,32,219,8.79,1.93,0.95,0.289,0.743,0.388,0.089,3.49,3.3,3.48,5.5,3200,0
2009,Jon Lester,Red Sox,AL,15,8,0,32,32,203.1,9.96,2.83,0.89,0.313,0.769,0.477,0.106,3.41,3.15,3.09,5.3,4930,0
2007,Joe Blanton,Athletics,AL,14,10,0,34,34,230,5.48,1.57,0.63,0.299,0.68,0.469,0.065,3.95,3.5,3.93,5.3,4849,0
2014,Max Scherzer,Tigers,AL,18,5,0,33,33,220.1,10.29,2.57,0.74,0.315,0.772,0.367,0.075,3.15,2.85,3.12,5.2,3137,0
2015,Chris Archer,Rays,AL,12,13,0,34,34,212,10.7,2.8,0.81,0.295,0.731,0.461,0.104,3.23,2.9,3.01,5.2,6345,0
2016,Justin Verlander,Tigers,AL,16,9,0,34,34,227.2,10.04,2.25,1.19,0.255,0.799,0.337,0.109,3.04,3.48,3.78,5.2,8700,0
2016,Rick Porcello,Red Sox,AL,22,4,0,33,33,223,7.63,1.29,0.93,0.269,0.743,0.431,0.093,3.15,3.4,3.89,5.2,2717,1
2014,Chris Sale,White Sox,AL,12,4,0,26,26,174,10.76,2.02,0.67,0.28,0.815,0.407,0.075,2.17,2.57,2.83,5.2,10603,0
2010,CC Sabathia,Yankees,AL,21,7,0,34,34,237.2,7.46,2.8,0.76,0.281,0.756,0.507,0.086,3.18,3.54,3.63,5.1,404,0
2016,Corey Kluber,Indians,AL,18,9,0,32,32,215,9.5,2.39,0.92,0.271,0.748,0.445,0.108,3.14,3.26,3.5,5.1,2429,0
2008,A.J. Burnett,Blue Jays,AL,18,9,0,34,34,220.1,9.35,3.47,0.78,0.311,0.708,0.485,0.097,4,3.45,3.5,5.1,512,0
2007,Roy Halladay,Blue Jays,AL,16,7,0,31,31,225.1,5.55,1.92,0.6,0.301,0.695,0.531,0.071,3.71,3.55,3.85,5.1,1303,0
2014,Jose Quintana,White Sox,AL,9,11,0,32,32,200.1,8,2.34,0.45,0.318,0.692,0.447,0.051,3.32,2.81,3.37,5.1,11423,0
2007,John Lackey,Angels,AL,19,9,0,33,33,224,7.19,2.09,0.72,0.301,0.76,0.447,0.073,3.01,3.54,3.87,5,1507,0
2012,David Price,Rays,AL,20,5,0,31,31,211,8.74,2.52,0.68,0.285,0.811,0.531,0.105,2.56,3.05,3.12,5,3184,1
2011,Doug Fister,- - -,AL,10,13,0,31,31,213.1,6.07,1.56,0.46,0.273,0.735,0.479,0.052,2.87,3.03,3.62,5,9425,0
2007,Erik Bedard,Orioles,AL,13,5,0,28,28,182,10.93,2.82,0.94,0.283,0.777,0.479,0.123,3.16,3.19,2.9,5,126,0
2016,Chris Sale,White Sox,AL,17,10,0,32,32,226.2,9.25,1.79,1.07,0.279,0.766,0.412,0.119,3.34,3.46,3.58,4.9,10603,0
2011,C.J. Wilson,Rangers,AL,16,7,0,34,34,223.1,8.3,2.98,0.64,0.287,0.736,0.493,0.082,2.94,3.24,3.41,4.9,3580,0
2013,Chris Sale,White Sox,AL,11,14,0,30,30,214.1,9.49,1.93,0.97,0.289,0.77,0.466,0.125,3.07,3.17,2.95,4.9,10603,0
2013,Justin Verlander,Tigers,AL,13,12,0,34,34,218.1,8.95,3.09,0.78,0.316,0.745,0.384,0.078,3.46,3.28,3.67,4.9,8700,0
2007,Scott Kazmir,Devil Rays,AL,13,9,0,34,34,206.2,10.41,3.88,0.78,0.333,0.753,0.431,0.081,3.48,3.45,3.67,4.8,4897,0
2010,Jon Lester,Red Sox,AL,19,9,0,32,32,208,9.74,3.59,0.61,0.289,0.745,0.536,0.089,3.25,3.13,3.18,4.8,4930,0
2007,Kelvim Escobar,Angels,AL,18,7,0,30,30,195.2,7.36,3.04,0.51,0.299,0.73,0.44,0.05,3.4,3.39,4.09,4.8,1298,0
2015,Carlos Carrasco,Indians,AL,14,12,0,30,30,183.2,10.58,2.11,0.88,0.304,0.718,0.512,0.132,3.63,2.84,2.66,4.8,6632,0
2008,John Danks,White Sox,AL,12,9,0,33,33,195,7.34,2.63,0.69,0.293,0.761,0.428,0.074,3.32,3.44,3.82,4.8,6329,0
2011,Felix Hernandez,Mariners,AL,14,14,0,33,33,233.2,8.55,2.58,0.73,0.307,0.727,0.502,0.095,3.47,3.13,3.15,4.8,4772,0
2007,Javier Vazquez,White Sox,AL,15,8,0,32,32,216.2,8.85,2.08,1.2,0.288,0.745,0.398,0.11,3.74,3.8,3.59,4.8,801,0
2010,Zack Greinke,Royals,AL,10,14,0,33,33,220,7.4,2.25,0.74,0.305,0.653,0.46,0.075,4.17,3.34,3.6,4.7,1943,0
2008,Javier Vazquez,White Sox,AL,12,16,0,33,33,208.1,8.64,2.64,1.08,0.316,0.683,0.382,0.098,4.67,3.74,3.79,4.7,801,0
2012,Chris Sale,White Sox,AL,17,8,0,29,29,191,9,2.36,0.9,0.294,0.804,0.447,0.117,3.06,3.27,3.23,4.7,10603,0
2010,Colby Lewis,Rangers,AL,12,13,0,32,32,201,8.78,2.91,0.94,0.275,0.719,0.379,0.082,3.72,3.55,3.74,4.7,1259,0
2012,CC Sabathia,Yankees,AL,15,6,0,28,28,200,8.87,1.98,0.99,0.288,0.716,0.482,0.125,3.38,3.33,3.2,4.7,404,0
2015,Jose Quintana,White Sox,AL,9,10,0,32,32,206.1,7.72,1.92,0.7,0.327,0.763,0.471,0.086,3.36,3.18,3.51,4.7,11423,0
2016,Masahiro Tanaka,Yankees,AL,14,4,0,31,31,199.2,7.44,1.62,0.99,0.271,0.764,0.482,0.12,3.07,3.51,3.61,4.7,15764,0
2007,Dan Haren,Athletics,AL,15,9,0,34,34,222.2,7.76,2.22,0.97,0.287,0.759,0.444,0.093,3.07,3.7,3.74,4.7,1757,0
2008,Mike Mussina,Yankees,AL,20,9,0,34,34,200.1,6.74,1.39,0.76,0.321,0.733,0.485,0.092,3.37,3.32,3.43,4.6,837,0
2016,Jose Quintana,White Sox,AL,13,12,0,32,32,208,7.83,2.16,0.95,0.293,0.79,0.404,0.095,3.2,3.56,4.03,4.6,11423,0
2012,Yu Darvish,Rangers,AL,16,9,0,29,29,191.1,10.4,4.19,0.66,0.295,0.705,0.462,0.091,3.9,3.29,3.52,4.6,13074,0
2011,James Shields,Rays,AL,16,12,0,33,33,249.1,8.12,2.35,0.94,0.258,0.796,0.462,0.111,2.82,3.42,3.25,4.5,7059,0
2013,Yu Darvish,Rangers,AL,13,9,0,32,32,209.2,11.89,3.43,1.12,0.264,0.839,0.41,0.144,2.83,3.28,2.84,4.5,13074,0
2017,Chris Archer,Rays,AL,10,12,0,34,34,201,11.15,2.69,1.21,0.325,0.713,0.42,0.141,4.07,3.4,3.35,4.5,6345,0
2016,David Price,Red Sox,AL,17,9,0,35,35,230,8.92,1.96,1.17,0.31,0.736,0.437,0.135,3.99,3.6,3.52,4.5,3184,0
2013,David Price,Rays,AL,10,8,0,27,27,186.2,7.28,1.3,0.77,0.298,0.7,0.449,0.086,3.33,3.03,3.27,4.4,3184,0
2012,Max Scherzer,Tigers,AL,16,7,0,32,32,187.2,11.08,2.88,1.1,0.333,0.765,0.365,0.116,3.74,3.27,3.23,4.4,3137,0
2011,Brandon McCarthy,Athletics,AL,9,9,0,25,25,170.2,6.49,1.32,0.58,0.296,0.676,0.467,0.064,3.32,2.86,3.3,4.4,4662,0
2011,David Price,Rays,AL,12,13,0,34,34,224.1,8.75,2.53,0.88,0.281,0.733,0.443,0.097,3.49,3.32,3.32,4.4,3184,0
2012,Jake Peavy,White Sox,AL,11,12,0,32,32,219,7.97,2.01,1.11,0.272,0.763,0.365,0.097,3.37,3.73,3.99,4.4,1051,0
2010,John Danks,White Sox,AL,15,11,0,32,32,213,6.85,2.96,0.76,0.274,0.715,0.454,0.074,3.72,3.7,3.99,4.4,6329,0
2013,Derek Holland,Rangers,AL,10,9,0,33,33,213,7.99,2.7,0.85,0.307,0.751,0.408,0.088,3.42,3.44,3.68,4.3,4141,0
2011,Justin Masterson,Indians,AL,12,10,0,33,33,215,6.57,2.68,0.46,0.303,0.728,0.551,0.063,3.22,3.28,3.63,4.2,2038,0
2008,Gil Meche,Royals,AL,14,11,0,34,34,210.1,7.83,3.12,0.81,0.303,0.715,0.392,0.079,3.98,3.61,3.94,4.2,1089,0
2012,James Shields,Rays,AL,15,10,0,33,33,227.2,8.82,2.29,0.99,0.292,0.719,0.523,0.134,3.52,3.47,3.24,4.2,7059,0
2009,Josh Beckett,Red Sox,AL,17,6,0,32,32,212.1,8.43,2.33,1.06,0.29,0.716,0.472,0.128,3.86,3.63,3.3,4.2,510,0
2008,Zack Greinke,Royals,AL,13,10,0,32,32,202.1,8.14,2.49,0.93,0.308,0.752,0.427,0.091,3.47,3.56,3.71,4.2,1943,0
2008,Mark Buehrle,White Sox,AL,15,12,0,34,34,218.2,5.76,2.14,0.91,0.312,0.718,0.496,0.099,3.79,3.94,3.98,4.2,225,0
2013,Doug Fister,Tigers,AL,14,9,0,32,32,207.2,6.85,1.91,0.61,0.332,0.734,0.546,0.09,3.68,3.27,3.42,4.1,9425,0
2010,David Price,Rays,AL,19,6,0,31,31,207.2,8.1,3.42,0.65,0.271,0.785,0.439,0.066,2.73,3.43,3.84,4.1,3184,0
2008,Josh Beckett,Red Sox,AL,12,10,0,27,27,174.1,8.88,1.76,0.93,0.315,0.713,0.408,0.105,4.03,3.24,3.19,4.1,510,0
2008,Jon Lester,Red Sox,AL,16,6,0,33,33,210.1,6.5,2.82,0.6,0.297,0.774,0.475,0.07,3.21,3.64,4.02,4.1,4930,0
2010,Gavin Floyd,White Sox,AL,10,13,0,31,31,187.1,7.25,2.79,0.67,0.325,0.703,0.499,0.076,4.08,3.46,3.69,4.1,3886,0
2010,C.J. Wilson,Rangers,AL,15,8,0,33,33,204,7.5,4.1,0.44,0.266,0.724,0.492,0.053,3.35,3.56,4.06,4.1,3580,0
2007,Andy Pettitte,Yankees,AL,15,9,0,34,34,213.1,5.91,2.83,0.68,0.324,0.705,0.478,0.071,4.09,3.86,4.21,4.1,840,0
2017,Justin Verlander,- - -,AL,15,8,0,33,33,206,9.57,3.15,1.18,0.271,0.797,0.335,0.115,3.36,3.84,4.17,4.1,8700,0
2009,Gavin Floyd,White Sox,AL,11,11,0,30,30,193,7.6,2.75,0.98,0.284,0.697,0.443,0.112,4.06,3.77,3.64,4,3886,0
2007,James Shields,Devil Rays,AL,12,8,0,31,31,215,7.7,1.51,1.17,0.282,0.718,0.434,0.111,3.85,3.86,3.65,4,7059,0
2007,Johan Santana,Twins,AL,15,13,0,33,33,219,9.66,2.14,1.36,0.271,0.783,0.38,0.131,3.33,3.82,3.3,4,755,0
2013,James Shields,Royals,AL,13,9,0,34,34,228.2,7.71,2.68,0.79,0.298,0.795,0.416,0.086,3.15,3.47,3.72,4,7059,0
2013,Hisashi Iwakuma,Mariners,AL,14,6,0,33,33,219.2,7.58,1.72,1.02,0.252,0.819,0.487,0.118,2.66,3.44,3.28,3.9,13048,0
2009,Jered Weaver,Angels,AL,16,8,0,33,33,211,7.42,2.82,1.11,0.278,0.762,0.309,0.083,3.75,4.04,4.4,3.9,4235,0
2013,Bartolo Colon,Athletics,AL,18,6,0,30,30,190.1,5.53,1.37,0.66,0.294,0.8,0.415,0.06,2.65,3.23,3.95,3.8,375,0
2010,Mark Buehrle,White Sox,AL,13,13,0,33,33,210.1,4.24,2.1,0.73,0.313,0.702,0.457,0.06,4.28,3.9,4.49,3.8,225,0
2016,Aaron Sanchez,Blue Jays,AL,15,2,0,30,30,192,7.55,2.95,0.7,0.267,0.769,0.544,0.107,3,3.55,3.75,3.8,11490,0
2015,Sonny Gray,Athletics,AL,14,7,0,31,31,208,7.31,2.55,0.74,0.255,0.768,0.527,0.093,2.73,3.45,3.69,3.8,12768,0
2008,Andy Pettitte,Yankees,AL,14,14,0,33,33,204,6.97,2.43,0.84,0.333,0.682,0.515,0.103,4.54,3.71,3.68,3.8,840,0
2012,Hiroki Kuroda,Yankees,AL,16,11,0,33,33,219.2,6.84,2.09,1.02,0.281,0.777,0.523,0.13,3.32,3.86,3.67,3.8,3283,0
2008,James Shields,Rays,AL,14,8,0,33,33,215,6.7,1.67,1,0.287,0.733,0.463,0.098,3.56,3.82,3.87,3.8,7059,0
2007,Chien-Ming Wang,Yankees,AL,19,7,0,30,30,199.1,4.7,2.66,0.41,0.295,0.718,0.584,0.06,3.7,3.79,4.15,3.7,2074,0
2010,Ricky Romero,Blue Jays,AL,14,9,0,32,32,210,7.46,3.51,0.64,0.289,0.702,0.552,0.094,3.73,3.64,3.64,3.7,3403,0
2010,Max Scherzer,Tigers,AL,12,11,0,31,31,195.2,8.46,3.22,0.92,0.297,0.749,0.403,0.096,3.5,3.71,3.68,3.7,3137,0
2007,Gil Meche,Royals,AL,9,13,0,34,34,216,6.5,2.58,0.92,0.296,0.734,0.468,0.092,3.67,4.02,4.09,3.7,1089,0
2015,Collin McHugh,Astros,AL,19,7,0,32,32,203.2,7.56,2.34,0.84,0.31,0.743,0.454,0.089,3.89,3.58,3.91,3.7,7531,0
2013,Hiroki Kuroda,Yankees,AL,11,13,0,32,32,201.1,6.71,1.92,0.89,0.282,0.758,0.466,0.103,3.31,3.56,3.6,3.7,3283,0
2011,Matt Harrison,Rangers,AL,14,9,0,30,30,183.2,6.17,2.79,0.64,0.293,0.723,0.473,0.071,3.43,3.52,3.85,3.7,5551,0
2007,Justin Verlander,Tigers,AL,18,6,0,32,32,201.2,8.17,2.99,0.89,0.279,0.749,0.411,0.085,3.66,3.99,4.17,3.7,8700,0
2014,Dallas Keuchel,Astros,AL,12,9,0,29,29,200,6.57,2.16,0.49,0.295,0.755,0.635,0.096,2.92,3.21,3.2,3.6,9434,0
2008,Andy Sonnanstine,Rays,AL,13,9,0,32,32,193.1,5.77,1.72,0.98,0.302,0.663,0.421,0.08,4.38,3.91,4.29,3.6,7667,0
2010,Shaun Marcum,Blue Jays,AL,13,8,0,31,31,195.1,7.6,1.98,1.11,0.279,0.743,0.384,0.096,3.64,3.74,3.71,3.6,6204,0
2012,Jarrod Parker,Athletics,AL,13,8,0,29,29,181.1,6.95,3.13,0.55,0.29,0.743,0.443,0.068,3.47,3.43,3.95,3.6,4913,0
2016,Marcus Stroman,Blue Jays,AL,9,10,0,32,32,204,7.32,2.38,0.93,0.308,0.686,0.601,0.165,4.37,3.71,3.41,3.5,13431,0
2007,Jon Garland,White Sox,AL,10,13,0,32,32,208.1,4.23,2.46,0.82,0.284,0.655,0.394,0.071,4.23,4.36,4.79,3.5,232,0
2009,Brett Anderson,Athletics,AL,11,11,0,30,30,175.1,7.7,2.31,1.03,0.309,0.67,0.509,0.111,4.06,3.69,3.56,3.5,8223,0
2007,Felix Hernandez,Mariners,AL,14,7,0,30,30,190.1,7.8,2.51,0.95,0.333,0.747,0.608,0.15,3.92,3.75,3.27,3.5,4772,0
2013,Jose Quintana,White Sox,AL,9,7,0,33,33,200,7.38,2.52,1.03,0.283,0.766,0.425,0.102,3.51,3.82,3.86,3.5,11423,0
2009,Scott Baker,Twins,AL,15,9,0,33,33,200,7.29,2.16,1.26,0.276,0.705,0.334,0.097,4.37,4.08,4.15,3.5,6176,0
2009,James Shields,Rays,AL,11,12,0,33,33,219.2,6.84,2.13,1.19,0.308,0.712,0.423,0.112,4.14,4.02,3.85,3.5,7059,0
2013,Jon Lester,Red Sox,AL,15,8,0,33,33,213.1,7.47,2.83,0.8,0.3,0.737,0.45,0.083,3.75,3.59,3.9,3.5,4930,0
2013,Justin Masterson,Indians,AL,14,10,0,29,29,189.1,8.94,3.57,0.62,0.286,0.751,0.58,0.108,3.52,3.4,3.37,3.4,2038,0
2011,Gavin Floyd,White Sox,AL,12,12,0,30,30,192.2,7.05,2.1,0.98,0.278,0.675,0.439,0.099,4.34,3.75,3.71,3.4,3886,0
2013,Ubaldo Jimenez,Indians,AL,13,9,0,32,32,182.2,9.56,3.94,0.79,0.304,0.765,0.439,0.09,3.3,3.43,3.62,3.4,3374,0
2014,Hiroki Kuroda,Yankees,AL,11,9,0,32,32,199,6.6,1.58,0.9,0.279,0.693,0.469,0.1,3.71,3.6,3.54,3.4,3283,0
2009,Andy Pettitte,Yankees,AL,14,8,0,32,32,194.2,6.84,3.51,0.92,0.295,0.702,0.429,0.089,4.16,4.15,4.32,3.4,840,0
2010,Dallas Braden,Athletics,AL,11,14,0,30,30,192.2,5.28,2.01,0.79,0.27,0.71,0.409,0.069,3.5,3.8,4.22,3.4,8099,0
2007,Mark Buehrle,White Sox,AL,10,9,0,30,30,201,5.15,2.01,0.99,0.287,0.757,0.432,0.088,3.63,4.26,4.41,3.3,225,0
2017,Marcus Stroman,Blue Jays,AL,13,9,0,33,33,201,7.34,2.78,0.94,0.31,0.781,0.621,0.178,3.09,3.9,3.58,3.3,13431,0
2009,Carl Pavano,- - -,AL,14,12,0,33,33,199.1,6.64,1.76,1.17,0.329,0.661,0.434,0.107,5.1,4,3.89,3.3,790,0
2007,Roberto Hernandez,Indians,AL,19,8,0,32,32,215,5.73,2.55,0.67,0.28,0.776,0.643,0.111,3.06,3.94,3.81,3.3,3273,0
2011,Josh Beckett,Red Sox,AL,13,7,0,30,30,193,8.16,2.42,0.98,0.245,0.8,0.401,0.096,2.89,3.57,3.58,3.3,510,0
2009,John Lackey,Angels,AL,11,8,0,27,27,176.1,7.09,2.4,0.87,0.299,0.712,0.449,0.091,3.83,3.73,3.87,3.3,1507,0
2008,Scott Baker,Twins,AL,11,4,0,28,28,172.1,7.36,2.19,1.04,0.284,0.787,0.329,0.085,3.45,3.79,4.08,3.3,6176,0
2010,John Lackey,Red Sox,AL,14,11,0,33,33,215,6.53,3.01,0.75,0.319,0.693,0.456,0.073,4.35,3.85,4.15,3.3,1507,0
2008,Felix Hernandez,Mariners,AL,9,11,0,31,31,200.2,7.85,3.59,0.76,0.314,0.767,0.521,0.099,3.45,3.8,3.83,3.3,4772,0
2016,Ervin Santana,Twins,AL,7,11,0,30,30,181.1,7.4,2.63,0.94,0.285,0.741,0.426,0.099,3.38,3.81,4.21,3.3,3200,0
2009,Edwin Jackson,Tigers,AL,13,9,0,33,33,214,6.77,2.94,1.14,0.276,0.767,0.391,0.099,3.62,4.28,4.32,3.3,1841,0
2011,Mark Buehrle,White Sox,AL,13,9,0,31,31,205.1,4.78,1.97,0.92,0.294,0.733,0.449,0.086,3.59,3.98,4.14,3.3,225,0
2014,James Shields,Royals,AL,14,8,0,34,34,227,7.14,1.74,0.91,0.295,0.746,0.452,0.097,3.21,3.59,3.56,3.2,7059,0
2008,Jered Weaver,Angels,AL,11,10,0,30,30,176.2,7.74,2.75,1.02,0.298,0.707,0.326,0.083,4.33,3.9,4.23,3.2,4235,0
2012,Matt Harrison,Rangers,AL,18,11,0,32,32,213.1,5.61,2.49,0.93,0.284,0.786,0.49,0.105,3.29,4.03,4.13,3.2,5551,0
2017,Trevor Bauer,Indians,AL,17,9,0,31,31,175.2,9.99,3.07,1.28,0.336,0.767,0.466,0.162,4.2,3.9,3.61,3.2,12703,0
2011,Michael Pineda,Mariners,AL,9,10,0,28,28,171,9.11,2.89,0.95,0.258,0.697,0.363,0.09,3.74,3.42,3.53,3.2,5372,0
2016,Michael Pineda,Yankees,AL,6,12,0,32,32,175.2,10.61,2.72,1.38,0.339,0.707,0.458,0.17,4.82,3.8,3.3,3.2,5372,0
2016,Cole Hamels,Rangers,AL,15,5,0,32,32,200.2,8.97,3.45,1.08,0.299,0.791,0.496,0.14,3.32,3.98,3.85,3.2,4972,0
2011,Brandon Morrow,Blue Jays,AL,11,11,0,30,30,179.1,10.19,3.46,1.05,0.299,0.655,0.36,0.104,4.72,3.64,3.53,3.2,9346,0
2014,Chris Archer,Rays,AL,10,9,0,32,32,194.2,8,3.33,0.55,0.296,0.716,0.465,0.069,3.33,3.39,3.7,3.2,6345,0
2017,Drew Pomeranz,Red Sox,AL,17,6,0,32,32,173.2,9.02,3.58,0.98,0.31,0.8,0.432,0.112,3.32,3.84,4.15,3.2,11426,0
2013,C.J. Wilson,Angels,AL,17,7,0,33,33,212.1,7.97,3.6,0.64,0.3,0.735,0.444,0.072,3.39,3.51,3.93,3.2,3580,0
2014,Scott Kazmir,Athletics,AL,15,9,0,32,32,190.1,7.75,2.36,0.76,0.285,0.711,0.438,0.078,3.55,3.35,3.59,3.1,4897,0
2013,Andy Pettitte,Yankees,AL,11,11,0,30,30,185.1,6.22,2.33,0.83,0.308,0.729,0.46,0.091,3.74,3.7,3.88,3.1,840,0
2014,Hisashi Iwakuma,Mariners,AL,15,9,0,28,28,179,7.74,1.06,1.01,0.287,0.741,0.502,0.132,3.52,3.25,2.85,3.1,13048,0
2016,J.A. Happ,Blue Jays,AL,20,4,0,32,32,195,7.52,2.77,1.02,0.268,0.797,0.425,0.111,3.18,3.96,4.18,3.1,7410,0
2009,Scott Feldman,Rangers,AL,17,8,0,31,31,183,5.26,3,0.74,0.27,0.736,0.471,0.08,3.79,4.14,4.42,3.1,6283,0
2011,Gio Gonzalez,Athletics,AL,16,12,0,32,32,202,8.78,4.05,0.76,0.287,0.771,0.475,0.089,3.12,3.64,3.73,3.1,7448,0
2008,Matt Garza,Rays,AL,11,9,0,30,30,184.2,6.24,2.88,0.93,0.27,0.729,0.417,0.084,3.7,4.14,4.42,3.1,3340,0
2014,Mark Buehrle,Blue Jays,AL,13,10,0,32,32,202,5.3,2.05,0.67,0.316,0.759,0.437,0.066,3.39,3.66,4.09,3.1,225,0
2010,Gio Gonzalez,Athletics,AL,15,9,0,33,33,200.2,7.67,4.13,0.67,0.274,0.781,0.493,0.074,3.23,3.78,4.04,3.1,7448,0
2014,Sonny Gray,Athletics,AL,14,10,0,33,33,219,7.52,3.04,0.62,0.277,0.745,0.559,0.094,3.08,3.46,3.47,3.1,12768,0
2015,Danny Salazar,Indians,AL,14,10,0,30,30,185,9.49,2.58,1.12,0.278,0.745,0.439,0.124,3.45,3.62,3.48,3.1,5867,0
2016,Chris Archer,Rays,AL,9,19,0,33,33,201.1,10.42,3,1.34,0.296,0.725,0.478,0.162,4.02,3.81,3.41,3.1,6345,0
2010,Clay Buchholz,Red Sox,AL,17,7,0,28,28,173.2,6.22,3.47,0.47,0.261,0.79,0.508,0.056,2.33,3.61,4.07,3,3543,0
2010,Jason Vargas,Mariners,AL,9,12,0,31,31,192.2,5.42,2.52,0.84,0.272,0.72,0.363,0.061,3.78,3.95,4.6,3,8044,0
2009,Mark Buehrle,White Sox,AL,13,10,0,33,33,213.1,4.43,1.9,1.14,0.282,0.747,0.452,0.107,3.84,4.46,4.37,3,225,0
2016,Kevin Gausman,Orioles,AL,9,12,0,30,30,179.2,8.72,2.35,1.4,0.308,0.812,0.441,0.154,3.61,4.1,3.77,3,14107,0
2011,John Danks,White Sox,AL,8,12,0,27,27,170.1,7.13,2.43,1,0.313,0.701,0.438,0.099,4.33,3.82,3.79,3,6329,0
2011,Derek Holland,Rangers,AL,16,5,0,32,32,198,7.36,3.05,1,0.305,0.728,0.464,0.11,3.95,3.94,3.76,3,4141,0
2016,Collin McHugh,Astros,AL,13,10,0,33,33,184.2,8.63,2.63,1.22,0.338,0.752,0.413,0.118,4.34,3.95,4.09,3,7531,0
2008,Justin Verlander,Tigers,AL,11,17,0,33,33,201,7.3,3.9,0.81,0.296,0.654,0.399,0.07,4.84,4.18,4.7,3,8700,0
2010,Brian Matusz,Orioles,AL,10,12,0,32,32,175.2,7.33,3.23,0.97,0.292,0.716,0.362,0.079,4.3,4.05,4.31,3,2646,0
2009,A.J. Burnett,Yankees,AL,13,9,0,33,33,207,8.48,4.22,1.09,0.295,0.759,0.428,0.108,4.04,4.33,4.23,3,512,0
2009,Matt Garza,Rays,AL,8,12,0,32,32,203,8.38,3.5,1.11,0.273,0.75,0.397,0.102,3.95,4.17,4.14,3,3340,0
2014,Justin Verlander,Tigers,AL,15,12,0,32,32,206,6.95,2.84,0.79,0.317,0.668,0.396,0.068,4.54,3.74,4.19,2.9,8700,0
2016,Marco Estrada,Blue Jays,AL,9,9,0,29,29,176,8.44,3.32,1.18,0.234,0.758,0.335,0.099,3.48,4.15,4.64,2.9,1118,0
2012,Jered Weaver,Angels,AL,20,5,0,30,30,188.2,6.77,2.15,0.95,0.241,0.792,0.36,0.086,2.81,3.75,4.18,2.9,4235,0
2017,Ervin Santana,Twins,AL,16,8,0,33,33,211.1,7.11,2.6,1.32,0.245,0.795,0.412,0.118,3.28,4.46,4.77,2.9,3200,0
2009,Jeff Niemann,Rays,AL,13,6,0,30,30,177.2,6.28,2.99,0.86,0.297,0.743,0.407,0.078,3.85,4.08,4.44,2.9,8591,0
2014,Rick Porcello,Tigers,AL,15,12,0,31,31,202.2,5.73,1.73,0.8,0.298,0.722,0.491,0.096,3.42,3.65,3.64,2.9,2717,0
2015,Felix Hernandez,Mariners,AL,18,9,0,31,31,201.2,8.52,2.59,1.03,0.288,0.778,0.562,0.153,3.53,3.72,3.33,2.9,4772,0
2010,Doug Fister,Mariners,AL,6,14,0,28,28,171,4.89,1.68,0.68,0.302,0.677,0.471,0.064,4.11,3.65,4.1,2.9,9425,0
2007,Daisuke Matsuzaka,Red Sox,AL,15,12,0,32,32,204.2,8.84,3.52,1.1,0.299,0.739,0.384,0.1,4.4,4.23,4.17,2.9,7775,0
2012,Tommy Milone,Athletics,AL,13,10,0,31,31,190,6.49,1.71,1.14,0.31,0.736,0.381,0.107,3.74,3.93,4.02,2.8,7608,0
2012,Rick Porcello,Tigers,AL,10,12,0,31,31,176.1,5.46,2.25,0.82,0.344,0.69,0.532,0.115,4.59,3.91,3.89,2.8,2717,0
2010,Carl Pavano,Twins,AL,17,11,0,32,32,221,4.76,1.51,0.98,0.281,0.74,0.512,0.106,3.75,4.02,3.86,2.8,790,0
2007,Jeremy Bonderman,Tigers,AL,11,9,0,28,28,174.1,7.49,2.48,1.19,0.319,0.658,0.479,0.121,5.01,4.19,3.84,2.8,1667,0
2017,Masahiro Tanaka,Yankees,AL,13,12,0,30,30,178.1,9.79,2.07,1.77,0.305,0.715,0.492,0.212,4.74,4.34,3.44,2.8,15764,0
2012,Matt Moore,Rays,AL,11,11,0,31,31,177.1,8.88,4.11,0.91,0.293,0.729,0.374,0.086,3.81,3.93,4.35,2.7,1890,0
2015,Wei-Yin Chen,Orioles,AL,11,8,0,31,31,191.1,7.2,1.93,1.32,0.29,0.805,0.405,0.123,3.34,4.16,4.01,2.7,13071,0
2015,Garrett Richards,Angels,AL,15,12,0,32,32,207.1,7.64,3.3,0.87,0.274,0.718,0.549,0.12,3.65,3.86,3.8,2.7,9784,0
2009,John Danks,White Sox,AL,13,11,0,32,32,200.1,6.69,3.28,1.26,0.267,0.777,0.442,0.115,3.77,4.59,4.38,2.7,6329,0
2013,Rick Porcello,Tigers,AL,13,8,0,29,29,172.2,7.25,2.19,0.94,0.317,0.695,0.551,0.142,4.43,3.57,3.22,2.7,2717,0
2011,Jon Lester,Red Sox,AL,15,9,0,31,31,191.2,8.55,3.52,0.94,0.286,0.781,0.505,0.114,3.47,3.83,3.62,2.7,4930,0
2016,CC Sabathia,Yankees,AL,9,12,0,30,30,179.2,7.61,3.26,1.1,0.288,0.757,0.501,0.126,3.91,4.28,4.31,2.7,404,0
2013,Bud Norris,- - -,AL,10,10,0,30,30,174,7.4,3.26,0.88,0.331,0.732,0.399,0.082,4.14,3.85,4.21,2.7,9492,0
2015,Ubaldo Jimenez,Orioles,AL,12,10,0,32,32,184,8.22,3.33,0.98,0.309,0.738,0.491,0.13,4.11,4.01,3.83,2.7,3374,0
2016,Trevor Bauer,Indians,AL,10,8,0,28,28,173.2,7.83,3.21,0.98,0.289,0.693,0.489,0.122,4.35,4.02,4.1,2.6,12703,0
2016,Ricky Nolasco,- - -,AL,8,14,0,32,32,197.2,6.56,2,1.18,0.294,0.685,0.431,0.111,4.42,4.14,4.41,2.6,3830,0
2010,Roberto Hernandez,Indians,AL,13,14,0,33,33,210.1,5.31,3.08,0.73,0.283,0.715,0.556,0.083,3.77,4.11,4.25,2.6,3273,0
2015,Wade Miley,Red Sox,AL,11,11,0,32,32,193.2,6.83,2.97,0.79,0.307,0.697,0.488,0.092,4.46,3.81,4.08,2.6,8779,0
2015,Kyle Gibson,Twins,AL,11,11,0,32,32,194.2,6.7,3.01,0.83,0.287,0.73,0.534,0.114,3.84,3.96,3.95,2.6,10123,0
2007,Carlos Silva,Twins,AL,13,14,0,33,33,202,3.97,1.6,0.89,0.299,0.705,0.475,0.084,4.19,4.24,4.44,2.6,973,0
2013,CC Sabathia,Yankees,AL,14,13,0,32,32,211,7.46,2.77,1.19,0.308,0.674,0.447,0.13,4.78,4.1,3.76,2.6,404,0
2010,Scott Baker,Twins,AL,12,9,0,29,29,170.1,7.82,2.27,1.22,0.323,0.73,0.356,0.102,4.49,3.96,3.82,2.6,6176,0
2011,Ervin Santana,Angels,AL,11,12,0,33,33,228.2,7.01,2.83,1.02,0.272,0.766,0.435,0.101,3.38,4,3.93,2.5,3200,0
2017,Marco Estrada,Blue Jays,AL,10,9,0,33,33,186,8.52,3.44,1.5,0.295,0.719,0.303,0.112,4.98,4.61,5.09,2.5,1118,0
2010,Jeremy Guthrie,Orioles,AL,11,14,0,32,32,209.1,5.12,2.15,1.07,0.254,0.741,0.423,0.085,3.83,4.44,4.6,2.5,2072,0
2015,Edinson Volquez,Royals,AL,13,9,0,33,33,198.1,6.9,3.18,0.73,0.292,0.729,0.46,0.081,3.58,3.83,4.25,2.5,3990,0
2015,Jeff Samardzija,White Sox,AL,11,13,0,32,32,214,6.86,2.06,1.22,0.303,0.672,0.39,0.108,4.96,4.23,4.31,2.5,3254,0
2010,Brett Cecil,Blue Jays,AL,15,7,0,28,28,172.2,6.1,2.81,0.94,0.293,0.698,0.442,0.087,4.22,4.03,4.15,2.5,2660,0
2012,Jon Lester,Red Sox,AL,9,14,0,33,33,205.1,7.28,2.98,1.1,0.312,0.676,0.492,0.139,4.82,4.11,3.82,2.5,4930,0
2017,Kevin Gausman,Orioles,AL,11,12,0,34,34,186.2,8.63,3.42,1.4,0.336,0.76,0.427,0.148,4.68,4.48,4.33,2.5,14107,0
2015,Colby Lewis,Rangers,AL,17,9,0,33,33,204.2,6.24,1.85,1.14,0.289,0.659,0.337,0.089,4.66,4.17,4.62,2.5,1259,0
2010,Phil Hughes,Yankees,AL,17,8,0,29,29,174.1,7.38,2.99,1.29,0.275,0.741,0.36,0.101,4.23,4.3,4.17,2.5,7450,0
2013,Ervin Santana,Royals,AL,9,10,0,32,32,211,6.87,2.18,1.11,0.267,0.769,0.462,0.124,3.24,3.93,3.69,2.5,3200,0
2015,Yovani Gallardo,Rangers,AL,13,11,0,33,33,184.1,5.91,3.32,0.73,0.303,0.772,0.493,0.088,3.42,4,4.31,2.4,8173,0
2009,Nick Blackburn,Twins,AL,11,11,0,33,33,205.2,4.29,1.79,1.09,0.301,0.727,0.457,0.094,4.03,4.37,4.48,2.4,4270,0
2014,Wei-Yin Chen,Orioles,AL,16,6,0,31,31,185.2,6.59,1.7,1.11,0.296,0.775,0.41,0.105,3.54,3.89,3.75,2.4,13071,0
2013,John Lackey,Red Sox,AL,10,13,0,29,29,189.1,7.65,1.9,1.24,0.281,0.769,0.468,0.133,3.52,3.86,3.49,2.4,1507,0
2016,Hisashi Iwakuma,Mariners,AL,16,12,0,33,33,199,6.65,2.08,1.27,0.311,0.757,0.408,0.119,4.12,4.27,4.41,2.4,13048,0
2016,Chris Tillman,Orioles,AL,16,6,0,30,30,172,7.33,3.45,0.99,0.282,0.77,0.412,0.105,3.77,4.23,4.54,2.4,5279,0
2012,Phil Hughes,Yankees,AL,16,13,0,32,32,191.1,7.76,2.16,1.65,0.286,0.739,0.324,0.124,4.19,4.56,4.35,2.4,7450,0
2014,Yordano Ventura,Royals,AL,13,10,0,30,30,181.1,7.74,3.42,0.69,0.288,0.772,0.479,0.084,3.23,3.64,3.77,2.3,11855,0
2011,Jason Vargas,Mariners,AL,10,13,0,32,32,201,5.87,2.64,0.99,0.285,0.687,0.364,0.077,4.25,4.09,4.45,2.3,8044,0
2008,Jeremy Guthrie,Orioles,AL,10,12,0,30,30,190.2,5.66,2.74,1.13,0.259,0.767,0.438,0.105,3.63,4.53,4.48,2.3,2072,0
2009,Ricky Romero,Blue Jays,AL,13,9,0,29,29,178,7.13,3.99,0.91,0.333,0.755,0.54,0.128,4.3,4.33,4.05,2.3,3403,0
2014,Chris Tillman,Orioles,AL,13,6,0,34,34,207.1,6.51,2.86,0.91,0.267,0.767,0.406,0.083,3.34,4.01,4.2,2.3,5279,0
2015,Scott Kazmir,- - -,AL,7,11,0,31,31,183,7.62,2.9,0.98,0.273,0.757,0.429,0.102,3.1,3.98,4.14,2.3,4897,0
2014,Kyle Gibson,Twins,AL,13,12,0,31,31,179.1,5.37,2.86,0.6,0.287,0.663,0.544,0.078,4.47,3.8,3.99,2.3,10123,0
2017,Alex Cobb,Rays,AL,12,10,0,29,29,179.1,6.42,2.21,1.1,0.282,0.757,0.478,0.13,3.66,4.16,4.24,2.3,6562,0
2013,Mark Buehrle,Blue Jays,AL,12,10,0,33,33,203.2,6.14,2.25,1.06,0.305,0.734,0.453,0.106,4.15,4.1,4.09,2.3,225,0
2012,Justin Masterson,Indians,AL,11,15,0,34,34,206.1,6.94,3.84,0.79,0.309,0.664,0.557,0.114,4.93,4.16,4.15,2.3,2038,0
2008,Joe Saunders,Angels,AL,17,7,0,31,31,198,4.68,2.41,0.95,0.266,0.757,0.466,0.087,3.41,4.36,4.6,2.3,4366,0
2014,Drew Hutchison,Blue Jays,AL,11,13,0,32,32,184.2,8.97,2.92,1.12,0.293,0.712,0.361,0.097,4.48,3.85,3.82,2.3,10732,0
2012,Wei-Yin Chen,Orioles,AL,12,11,0,32,32,192.2,7.19,2.66,1.35,0.274,0.728,0.371,0.117,4.02,4.42,4.34,2.3,13071,0
2011,Carl Pavano,Twins,AL,9,13,0,33,33,222,4.14,1.62,0.93,0.306,0.673,0.506,0.094,4.3,4.1,4.14,2.3,790,0
2011,Ricky Romero,Blue Jays,AL,15,11,0,32,32,225,7.12,3.2,1.04,0.242,0.792,0.547,0.132,2.92,4.2,3.8,2.2,3403,0
2011,Max Scherzer,Tigers,AL,15,9,0,33,33,195,8.03,2.58,1.34,0.314,0.737,0.403,0.126,4.43,4.14,3.7,2.2,3137,0
2008,Gavin Floyd,White Sox,AL,17,8,0,33,33,206.1,6.32,3.05,1.31,0.256,0.714,0.411,0.118,3.84,4.77,4.5,2.2,3886,0
2011,Rick Porcello,Tigers,AL,14,9,0,31,31,182,5.14,2.27,0.89,0.316,0.674,0.514,0.099,4.75,4.06,4.02,2.2,2717,0
2008,Jesse Litsch,Blue Jays,AL,13,9,0,28,28,173,4.94,2.03,0.99,0.275,0.739,0.486,0.103,3.54,4.28,4.25,2.2,3688,0
2012,C.J. Wilson,Angels,AL,13,10,0,34,34,202.1,7.7,4.05,0.85,0.281,0.7,0.503,0.108,3.83,4.04,4.1,2.2,3580,0
2012,Scott Diamond,Twins,AL,12,9,0,27,27,173,4.68,1.61,0.88,0.292,0.733,0.534,0.114,3.54,3.94,3.93,2.2,5089,0
2017,Jason Hammel,Royals,AL,8,13,0,32,32,180.1,7.24,2.4,1.3,0.318,0.684,0.38,0.106,5.29,4.37,4.92,2.2,4538,0
2014,Jason Vargas,Royals,AL,11,10,0,30,30,187,6.16,1.97,0.91,0.299,0.745,0.383,0.082,3.71,3.84,4.05,2.2,8044,0
2010,Ervin Santana,Angels,AL,17,10,0,33,33,222.2,6.83,2.95,1.09,0.288,0.753,0.351,0.092,3.92,4.28,4.31,2.1,3200,0
2007,Miguel Batista,Mariners,AL,15,11,0,32,32,192,6.19,3.98,0.84,0.31,0.725,0.443,0.074,4.31,4.54,4.9,2.1,46,0
2007,Kevin Millwood,Rangers,AL,10,14,0,31,31,172.2,6.41,3.49,0.99,0.34,0.677,0.464,0.101,5.16,4.55,4.49,2.1,106,0
2017,Rick Porcello,Red Sox,AL,11,17,0,33,33,203.1,8.01,2.12,1.68,0.324,0.697,0.392,0.147,4.65,4.6,4.43,2.1,2717,0
2009,Kevin Millwood,Rangers,AL,13,10,0,31,31,198.2,5.57,3.22,1.18,0.273,0.786,0.423,0.106,3.67,4.8,4.72,2.1,106,0
2016,Martin Perez,Rangers,AL,10,11,0,33,33,198.2,4.67,3.44,0.82,0.286,0.674,0.532,0.104,4.39,4.5,4.77,2.1,6902,0
2007,Jose Contreras,White Sox,AL,9,17,0,30,30,182,5.29,3.02,1.04,0.327,0.619,0.452,0.094,5.79,4.82,4.85,2.1,1660,0
2017,Martin Perez,Rangers,AL,13,12,0,32,32,185,5.59,3.06,1.12,0.328,0.706,0.473,0.133,4.82,4.65,4.7,2.1,6902,0
2007,Jarrod Washburn,Mariners,AL,10,15,0,32,32,193.2,5.3,3.11,1.07,0.284,0.714,0.365,0.08,4.32,4.77,5.09,2,40,0
2015,Mark Buehrle,Blue Jays,AL,15,8,0,32,32,198.2,4.12,1.49,1,0.285,0.69,0.459,0.1,3.81,4.26,4.46,2,225,0
2010,James Shields,Rays,AL,12,15,0,33,33,202.1,8.32,2.22,1.51,0.342,0.683,0.41,0.138,5.2,4.23,3.54,2,7059,0
2015,R.A. Dickey,Blue Jays,AL,11,11,0,33,33,214.1,5.29,2.56,1.05,0.257,0.733,0.419,0.098,3.91,4.48,4.72,2,1245,0
2011,Colby Lewis,Rangers,AL,14,10,0,32,32,200.1,7.59,2.52,1.57,0.265,0.73,0.341,0.119,4.4,4.54,4.1,2,1259,0
2016,Jake Odorizzi,Rays,AL,10,6,0,33,33,187.2,7.96,2.59,1.39,0.271,0.79,0.366,0.12,3.69,4.31,4.44,2,6397,0
2008,Nick Blackburn,Twins,AL,11,11,0,33,33,193.1,4.47,1.82,1.07,0.305,0.707,0.449,0.1,4.05,4.4,4.42,2,4270,0
2016,Drew Smyly,Rays,AL,7,12,0,30,30,175.1,8.57,2.52,1.64,0.291,0.677,0.313,0.127,4.88,4.49,4.51,1.9,11760,0
2010,Matt Garza,Rays,AL,15,10,0,32,32,204,6.62,2.74,1.24,0.272,0.753,0.358,0.1,3.93,4.41,4.29,1.9,3340,0
2009,Jarrod Washburn,- - -,AL,9,9,0,28,28,176,5.11,2.51,1.18,0.25,0.754,0.376,0.097,3.78,4.58,4.66,1.9,40,0
2010,Trevor Cahill,Athletics,AL,18,8,0,30,30,196.2,5.4,2.88,0.87,0.236,0.765,0.56,0.112,2.97,4.19,3.99,1.9,6249,0
2011,Jeremy Guthrie,Orioles,AL,9,16,0,32,32,203.2,5.57,2.83,1.15,0.285,0.692,0.398,0.099,4.37,4.51,4.46,1.9,2072,0
2007,Tim Wakefield,Red Sox,AL,17,12,0,31,31,189,5.24,3.05,1.05,0.282,0.679,0.389,0.084,4.76,4.67,4.89,1.9,219,0
2013,Chris Tillman,Orioles,AL,16,7,0,33,33,206.1,7.81,2.97,1.44,0.269,0.805,0.386,0.142,3.71,4.42,3.88,1.9,5279,0
2011,Jeff Francis,Royals,AL,6,16,0,31,31,183,4.48,1.92,0.93,0.316,0.688,0.471,0.085,4.82,4.1,4.29,1.9,4684,0
2015,Chris Tillman,Orioles,AL,11,11,0,31,31,173,6.24,3.33,1.04,0.293,0.682,0.435,0.104,4.99,4.45,4.58,1.8,5279,0
2011,Trevor Cahill,Athletics,AL,12,14,0,34,34,207.2,6.37,3.55,0.82,0.302,0.728,0.559,0.116,4.16,4.1,3.9,1.8,6249,0
2007,Nate Robertson,Tigers,AL,9,13,0,30,30,177.2,6.03,3.19,1.11,0.308,0.713,0.446,0.1,4.76,4.62,4.57,1.8,1620,0
2012,Dan Haren,Angels,AL,12,13,0,30,30,176.2,7.23,1.94,1.43,0.302,0.709,0.396,0.128,4.33,4.24,4,1.8,1757,0
2007,Paul Byrd,Indians,AL,15,8,0,31,31,192.1,4.12,1.31,1.26,0.309,0.706,0.383,0.095,4.59,4.68,4.71,1.8,594,0
2007,Chad Gaudin,Athletics,AL,11,13,0,34,34,199.1,6.95,4.52,0.95,0.305,0.723,0.51,0.115,4.42,4.69,4.47,1.8,1783,0
2015,Trevor Bauer,Indians,AL,11,12,0,30,30,175,8.64,4.06,1.18,0.275,0.715,0.392,0.117,4.58,4.36,4.31,1.8,12703,0
2015,Marco Estrada,Blue Jays,AL,12,8,0,28,28,170.1,6.34,2.64,1.22,0.22,0.777,0.315,0.086,3.28,4.43,4.99,1.7,1118,0
2011,Luke Hochevar,Royals,AL,11,11,0,31,31,198,5.82,2.82,1.05,0.275,0.66,0.498,0.115,4.68,4.29,4.05,1.7,6943,0
2011,Jeremy Hellickson,Rays,AL,13,10,0,29,29,189,5.57,3.43,1,0.223,0.82,0.35,0.081,2.95,4.44,4.72,1.7,4371,0
2014,R.A. Dickey,Blue Jays,AL,14,13,0,34,34,215.2,7.22,3.09,1.09,0.263,0.734,0.42,0.107,3.71,4.32,4.14,1.7,1245,0
2007,Daniel Cabrera,Orioles,AL,9,18,0,34,34,204.1,7.31,4.76,1.1,0.299,0.668,0.495,0.117,5.55,5.01,4.73,1.7,1931,0
2013,R.A. Dickey,Blue Jays,AL,14,13,0,34,34,224.2,7.09,2.84,1.4,0.265,0.732,0.403,0.127,4.21,4.58,4.23,1.7,1245,0
2012,Bruce Chen,Royals,AL,11,14,0,34,34,191.2,6.57,2.21,1.55,0.304,0.697,0.327,0.119,5.07,4.73,4.62,1.7,769,0
2017,Jason Vargas,Royals,AL,18,11,0,32,32,179.2,6.71,2.91,1.35,0.289,0.776,0.403,0.121,4.16,4.67,4.94,1.7,8044,0
2016,Ian Kennedy,Royals,AL,11,11,0,33,33,195.2,8.46,3.04,1.52,0.268,0.831,0.332,0.128,3.68,4.67,4.67,1.6,6986,0
2016,Kendall Graveman,Athletics,AL,10,11,0,31,31,186,5.23,2.27,1.06,0.289,0.744,0.521,0.129,4.11,4.39,4.38,1.6,15514,0
2013,Miguel Gonzalez,Orioles,AL,11,8,0,28,28,170,6.35,2.81,1.27,0.26,0.734,0.39,0.116,3.81,4.46,4.29,1.6,7024,0
2015,John Danks,White Sox,AL,7,15,0,30,30,177.2,6.28,2.84,1.22,0.305,0.681,0.382,0.104,4.71,4.49,4.65,1.6,6329,0
2015,Rick Porcello,Red Sox,AL,9,15,0,28,28,172,7.8,1.99,1.31,0.332,0.675,0.457,0.145,4.92,4.13,3.72,1.6,2717,0
2014,Clay Buchholz,Red Sox,AL,8,11,0,28,28,170.1,6.97,2.85,0.9,0.315,0.621,0.466,0.092,5.34,4.01,4.04,1.6,3543,0
2014,Jered Weaver,Angels,AL,18,9,0,34,34,213.1,7.13,2.74,1.14,0.267,0.783,0.329,0.089,3.59,4.19,4.3,1.5,4235,0
2009,Jeremy Guthrie,Orioles,AL,10,17,0,33,33,200,4.95,2.7,1.57,0.286,0.709,0.347,0.109,5.04,5.31,5.13,1.5,2072,0
2010,Kyle Davies,Royals,AL,8,12,0,32,32,183.2,6.17,3.92,0.98,0.316,0.669,0.408,0.079,5.34,4.46,4.73,1.5,3642,0
2008,Edwin Jackson,Rays,AL,13,11,0,31,31,181.1,5.31,3.77,1.09,0.301,0.76,0.392,0.093,4.37,4.82,4.96,1.5,1841,0
2012,Ivan Nova,Yankees,AL,12,8,0,28,28,170.1,8.08,2.96,1.48,0.331,0.725,0.452,0.166,5.02,4.6,3.92,1.5,1994,0
2016,Edinson Volquez,Royals,AL,10,11,0,34,34,189.1,6.61,3.61,1.09,0.319,0.657,0.512,0.128,5.37,4.57,4.58,1.4,3990,0
2013,Jeremy Hellickson,Rays,AL,11,10,0,31,31,171.2,6.97,2.62,1.26,0.309,0.661,0.397,0.111,5.24,4.26,4.17,1.4,4371,0
2008,Greg Smith,Athletics,AL,7,16,0,32,32,190.1,5.25,4.11,0.99,0.256,0.727,0.342,0.079,4.16,4.82,5.23,1.4,3455,0
2014,Scott Feldman,Astros,AL,8,12,0,29,29,180.1,5.34,2.5,0.8,0.291,0.716,0.469,0.089,3.74,4.11,4.19,1.4,6283,0
2016,Yordano Ventura,Royals,AL,11,12,0,32,32,186,6.97,3.77,1.11,0.297,0.738,0.502,0.128,4.45,4.59,4.59,1.4,11855,0
2010,A.J. Burnett,Yankees,AL,10,15,0,33,33,186.2,6.99,3.76,1.21,0.319,0.688,0.449,0.116,5.26,4.83,4.49,1.4,512,0
2013,A.J. Griffin,Athletics,AL,14,10,0,32,32,200,7.69,2.43,1.62,0.242,0.773,0.321,0.125,3.82,4.55,4.18,1.4,11132,0
2008,Armando Galarraga,Tigers,AL,13,6,0,28,28,175.2,6.35,2.97,1.38,0.239,0.768,0.438,0.129,3.59,4.81,4.38,1.4,4222,0
2010,Kevin Millwood,Orioles,AL,4,16,0,31,31,190.2,6.23,3.07,1.42,0.317,0.706,0.372,0.116,5.1,4.86,4.46,1.3,106,0
2009,Rick Porcello,Tigers,AL,14,9,0,31,31,170.2,4.69,2.74,1.21,0.277,0.755,0.542,0.141,3.96,4.77,4.27,1.3,2717,0
2012,Derek Holland,Rangers,AL,12,6,0,27,27,171.2,7.6,2.62,1.68,0.261,0.686,0.429,0.156,4.72,4.75,4.08,1.3,4141,0
2008,Jon Garland,Angels,AL,14,8,0,32,32,196.2,4.12,2.7,1.05,0.313,0.692,0.499,0.119,4.9,4.76,4.54,1.3,232,0
2013,Jarrod Parker,Athletics,AL,12,8,0,32,32,197,6.12,2.88,1.14,0.26,0.732,0.412,0.105,3.97,4.4,4.41,1.2,4913,0
2013,Kevin Correia,Twins,AL,9,13,0,31,31,185.1,4.9,2.19,1.17,0.313,0.761,0.44,0.117,4.18,4.4,4.24,1.2,1767,0
2012,Jeremy Hellickson,Rays,AL,10,11,0,31,31,177,6.31,3,1.27,0.261,0.827,0.418,0.124,3.1,4.6,4.44,1.2,4371,0
2012,Jason Vargas,Mariners,AL,14,11,0,33,33,217.1,5.84,2.28,1.45,0.254,0.786,0.402,0.128,3.85,4.69,4.45,1.1,8044,0
2007,Boof Bonser,Twins,AL,8,12,0,30,30,170,7.04,3.34,1.32,0.315,0.696,0.449,0.122,4.92,4.79,4.39,1.1,2159,0
2008,Tim Wakefield,Red Sox,AL,10,11,0,30,30,181,5.82,2.98,1.24,0.239,0.719,0.355,0.091,4.13,4.84,5.04,1.1,219,0
2012,Luke Hochevar,Royals,AL,8,16,0,32,32,185.1,6.99,2.96,1.31,0.315,0.626,0.433,0.135,5.73,4.63,4.32,1.1,6943,0
2010,Jeff Niemann,Rays,AL,11,8,0,29,29,173.1,6.65,3.17,1.3,0.263,0.734,0.444,0.122,4.41,4.65,4.22,1.1,8591,0
2008,Vicente Padilla,Rangers,AL,14,8,0,29,29,171,6.68,3.42,1.37,0.303,0.722,0.427,0.125,4.74,5.03,4.65,1.1,964,0
2015,Alfredo Simon,Tigers,AL,13,12,0,31,31,187,5.63,3.27,1.16,0.294,0.678,0.436,0.113,5.05,4.77,4.78,1.1,2155,0
2011,Wade Davis,Rays,AL,11,10,0,29,29,184,5.14,3.08,1.13,0.28,0.721,0.363,0.088,4.45,4.67,4.82,1.1,7441,0
2016,Doug Fister,Astros,AL,12,13,0,32,32,180.1,5.74,3.09,1.2,0.299,0.721,0.453,0.118,4.64,4.75,4.89,1,9425,0
2014,Jeremy Guthrie,Royals,AL,13,11,0,32,32,202.2,5.51,2.18,1.02,0.294,0.724,0.436,0.094,4.13,4.32,4.33,1,2072,0
2014,Colby Lewis,Rangers,AL,10,14,0,29,29,170.1,7.03,2.54,1.32,0.339,0.69,0.33,0.101,5.18,4.46,4.36,1,1259,0
2011,A.J. Burnett,Yankees,AL,11,11,0,32,32,190,8.19,3.93,1.47,0.294,0.7,0.491,0.17,5.16,4.78,3.86,1,512,0
2016,Josh Tomlin,Indians,AL,13,9,0,29,29,173,6.09,1.04,1.87,0.275,0.706,0.437,0.178,4.42,4.9,4.14,1,9388,0
2008,Brian Bannister,Royals,AL,9,16,0,32,32,182.2,5.57,2.86,1.43,0.308,0.639,0.375,0.115,5.76,5.03,4.78,1,5718,0
2011,Roberto Hernandez,Indians,AL,7,15,0,32,32,188.2,5.2,2.86,1.05,0.291,0.621,0.548,0.13,5.25,4.56,4.17,0.9,3273,0
2009,Joe Saunders,Angels,AL,16,7,0,31,31,186,4.89,3.1,1.4,0.286,0.735,0.468,0.128,4.6,5.17,4.74,0.9,4366,0
2012,Clay Buchholz,Red Sox,AL,11,8,0,29,29,189.1,6.13,3.04,1.19,0.283,0.697,0.476,0.13,4.56,4.65,4.43,0.8,3543,0
2017,Ricky Nolasco,Angels,AL,6,15,0,33,33,181,7.11,2.88,1.74,0.31,0.756,0.401,0.156,4.92,5.1,4.79,0.8,3830,0
2015,Hector Santiago,Angels,AL,9,9,0,32,32,177,8.08,3.61,1.47,0.253,0.796,0.299,0.105,3.66,4.82,4.99,0.8,4026,0
2008,Kenny Rogers,Tigers,AL,9,13,0,30,30,173.2,4.25,3.68,1.14,0.318,0.666,0.415,0.096,5.7,5.22,5.3,0.7,1277,0
2014,C.J. Wilson,Angels,AL,13,10,0,31,31,175.2,7.74,4.35,0.87,0.306,0.705,0.478,0.113,4.51,4.31,4.11,0.7,3580,0
2010,Jeremy Bonderman,Tigers,AL,8,10,0,29,29,170,5.88,3.18,1.32,0.297,0.653,0.447,0.115,5.51,4.92,4.57,0.6,1667,0
2008,Paul Byrd,- - -,AL,11,12,0,30,30,180,4.1,1.7,1.55,0.285,0.739,0.358,0.12,4.6,5.14,4.8,0.6,594,0
2016,Hector Santiago,- - -,AL,13,10,0,33,33,182,7.12,3.91,1.63,0.26,0.74,0.341,0.12,4.7,5.31,5.46,0.6,4026,0
2013,Jeremy Guthrie,Royals,AL,15,12,0,33,33,211.2,4.72,2.51,1.28,0.296,0.782,0.429,0.121,4.04,4.79,4.55,0.5,2072,0
2014,John Danks,White Sox,AL,11,11,0,32,32,193.2,5.99,3.44,1.16,0.291,0.719,0.423,0.104,4.74,4.76,4.62,0.5,6329,0
2012,Ubaldo Jimenez,Indians,AL,9,17,0,31,31,176.2,7.28,4.84,1.27,0.309,0.686,0.384,0.118,5.4,5.06,4.98,0.4,3374,0
2012,Ricky Romero,Blue Jays,AL,9,14,0,32,32,181,6.17,5.22,1.04,0.311,0.674,0.535,0.138,5.77,5.14,4.86,0.4,3403,0
2012,Henderson Alvarez,Blue Jays,AL,9,14,0,31,31,187.1,3.8,2.59,1.39,0.291,0.701,0.57,0.181,4.85,5.18,4.42,0.3,5669,0
2013,Joe Saunders,Mariners,AL,11,16,0,32,32,183,5.26,3,1.23,0.332,0.687,0.512,0.145,5.26,4.72,4.23,0.3,4366,0
2009,Trevor Cahill,Athletics,AL,10,13,0,32,32,178.2,4.53,3.63,1.36,0.272,0.726,0.478,0.132,4.63,5.33,4.86,0.2,6249,0
2011,Brad Penny,Tigers,AL,11,11,0,31,31,181.2,3.67,3.07,1.19,0.31,0.672,0.495,0.113,5.3,5.02,4.77,0.2,535,0
2008,Daniel Cabrera,Orioles,AL,8,10,0,30,30,180,4.75,4.5,1.2,0.295,0.724,0.48,0.122,5.25,5.61,5.31,0.2,1931,0
2016,Jered Weaver,Angels,AL,12,12,0,31,31,178,5.21,2.58,1.87,0.301,0.745,0.288,0.127,5.06,5.62,5.64,0,4235,0
2012,Ervin Santana,Angels,AL,9,13,0,30,30,178,6.72,3.08,1.97,0.241,0.698,0.432,0.189,5.16,5.63,4.48,-1,3200,0
2015,Clayton Kershaw,Dodgers,NL,16,7,0,33,33,232.2,11.64,1.62,0.58,0.281,0.783,0.5,0.101,2.13,1.99,2.09,8.5,2036,0
2011,Roy Halladay,Phillies,NL,19,6,0,32,32,233.2,8.47,1.35,0.39,0.298,0.781,0.509,0.051,2.35,2.2,2.71,8.3,1303,0
2009,Tim Lincecum,Giants,NL,15,7,0,32,32,225.1,10.42,2.72,0.4,0.282,0.759,0.475,0.055,2.48,2.34,2.83,7.7,5705,1
2014,Clayton Kershaw,Dodgers,NL,21,3,0,27,27,198.1,10.85,1.41,0.41,0.278,0.816,0.518,0.066,1.77,1.81,2.08,7.6,2036,1
2015,Jake Arrieta,Cubs,NL,22,6,0,33,33,229,9.28,1.89,0.39,0.246,0.8,0.562,0.078,1.77,2.35,2.61,7.3,4153,1
2008,Tim Lincecum,Giants,NL,17,5,0,33,33,223,10.53,3.23,0.44,0.303,0.776,0.438,0.057,2.62,2.59,3.08,7.1,5705,1
2011,Clayton Kershaw,Dodgers,NL,21,5,0,33,33,233.1,9.57,2.08,0.58,0.269,0.786,0.432,0.067,2.28,2.47,2.84,7.1,2036,1
2013,Clayton Kershaw,Dodgers,NL,16,9,0,33,33,236,8.85,1.98,0.42,0.251,0.806,0.46,0.058,1.83,2.39,2.88,7.1,2036,1
2011,Cliff Lee,Phillies,NL,17,8,0,32,32,232.2,9.21,1.62,0.7,0.291,0.814,0.463,0.09,2.4,2.6,2.68,6.8,1636,0
2007,Jake Peavy,Padres,NL,19,6,0,34,34,223.1,9.67,2.74,0.52,0.273,0.783,0.44,0.058,2.54,2.84,3.34,6.7,1051,1
2013,Adam Wainwright,Cardinals,NL,19,9,0,34,34,241.2,8.16,1.3,0.56,0.305,0.745,0.491,0.081,2.94,2.55,2.8,6.6,2233,0
2013,Matt Harvey,Mets,NL,9,5,0,26,26,178.1,9.64,1.56,0.35,0.28,0.774,0.477,0.047,2.27,2,2.63,6.5,11713,0
2009,Javier Vazquez,Braves,NL,15,10,0,32,32,219.1,9.77,1.81,0.82,0.283,0.766,0.417,0.101,2.87,2.77,2.77,6.5,801,0
2015,Max Scherzer,Nationals,NL,14,12,0,33,33,228.2,10.86,1.34,1.06,0.268,0.796,0.358,0.105,2.79,2.77,2.88,6.4,3137,0
2016,Noah Syndergaard,Mets,NL,14,9,0,30,30,182.2,10.64,2.12,0.54,0.335,0.769,0.512,0.087,2.61,2.3,2.68,6.3,11762,0
2007,Brandon Webb,Diamondbacks,NL,18,10,0,34,34,236.1,7.39,2.74,0.46,0.285,0.724,0.618,0.088,3.01,3.24,3.3,6.2,1692,0
2016,Jose Fernandez,Marlins,NL,16,8,0,29,29,182.1,12.49,2.71,0.64,0.332,0.766,0.402,0.1,2.86,2.3,2.56,6.2,11530,0
2008,Dan Haren,Diamondbacks,NL,16,8,0,33,33,216,8.58,1.67,0.79,0.303,0.734,0.442,0.089,3.33,3.01,3.16,6.2,1757,0
2017,Max Scherzer,Nationals,NL,16,6,0,31,31,200.2,12.02,2.47,0.99,0.245,0.807,0.365,0.108,2.51,2.9,3.28,6.1,3137,1
2010,Roy Halladay,Phillies,NL,21,10,0,33,33,250.2,7.86,1.08,0.86,0.29,0.827,0.512,0.113,2.44,3.01,2.8,6.1,1303,1
2010,Josh Johnson,Marlins,NL,11,6,0,28,28,183.2,9.11,2.35,0.34,0.297,0.792,0.457,0.042,2.3,2.41,3.02,5.9,4567,0
2010,Ubaldo Jimenez,Rockies,NL,19,8,0,33,33,221.2,8.69,3.74,0.41,0.271,0.765,0.488,0.051,2.88,3.1,3.6,5.9,3374,0
2012,Clayton Kershaw,Dodgers,NL,14,9,0,33,33,227.2,9.05,2.49,0.63,0.262,0.779,0.469,0.081,2.53,2.89,3.25,5.9,2036,0
2015,Zack Greinke,Dodgers,NL,19,3,0,32,32,222.2,8.08,1.62,0.57,0.229,0.865,0.48,0.073,1.66,2.76,3.22,5.8,1943,0
2016,Max Scherzer,Nationals,NL,20,7,0,34,34,228.1,11.19,2.21,1.22,0.255,0.817,0.33,0.119,2.96,3.24,3.37,5.7,3137,1
2009,Adam Wainwright,Cardinals,NL,19,8,0,34,34,233,8.19,2.55,0.66,0.296,0.804,0.507,0.083,2.63,3.11,3.32,5.7,2233,0
2017,Stephen Strasburg,Nationals,NL,15,4,0,28,28,175.1,10.47,2.41,0.67,0.274,0.779,0.468,0.087,2.52,2.72,3.27,5.7,10131,0
2010,Adam Wainwright,Cardinals,NL,20,11,0,33,33,230.1,8.32,2.19,0.59,0.275,0.791,0.516,0.079,2.42,2.86,3.02,5.6,2233,0
2009,Dan Haren,Diamondbacks,NL,14,10,0,33,33,229.1,8.75,1.49,1.06,0.267,0.77,0.429,0.117,3.14,3.23,3.02,5.6,1757,0
2015,Gerrit Cole,Pirates,NL,19,8,0,32,32,208,8.74,1.9,0.48,0.304,0.749,0.48,0.065,2.6,2.66,3.16,5.5,13125,0
2008,Brandon Webb,Diamondbacks,NL,22,7,0,34,34,226.2,7.27,2.58,0.52,0.288,0.71,0.644,0.096,3.3,3.28,3.33,5.5,1692,0
2013,Cliff Lee,Phillies,NL,14,8,0,31,31,222.2,8.97,1.29,0.89,0.287,0.767,0.443,0.109,2.87,2.82,2.78,5.5,1636,0
2007,John Smoltz,Braves,NL,14,8,0,32,32,205.2,8.62,2.06,0.79,0.303,0.762,0.447,0.087,3.11,3.21,3.33,5.5,115,0
2009,Chris Carpenter,Cardinals,NL,17,4,0,28,28,192.2,6.73,1.78,0.33,0.269,0.795,0.55,0.046,2.24,2.78,3.34,5.5,1292,0
2009,Josh Johnson,Marlins,NL,15,5,0,33,33,209,8.22,2.5,0.6,0.29,0.749,0.503,0.075,3.23,3.06,3.36,5.5,4567,0
2016,Johnny Cueto,Giants,NL,18,5,0,32,32,219.2,8.11,1.84,0.61,0.293,0.78,0.502,0.084,2.79,2.96,3.42,5.5,6893,0
2007,Aaron Harang,Reds,NL,16,6,0,34,34,231.2,8.47,2.02,1.09,0.288,0.74,0.403,0.102,3.73,3.71,3.62,5.4,1451,0
2009,Ubaldo Jimenez,Rockies,NL,15,12,0,33,33,218,8.17,3.51,0.54,0.28,0.735,0.525,0.078,3.47,3.36,3.59,5.3,3374,0
2014,Jordan Zimmermann,Nationals,NL,14,5,0,32,32,199.2,8.2,1.31,0.59,0.302,0.758,0.401,0.064,2.66,2.68,3.1,5.3,4505,0
2008,Johan Santana,Mets,NL,16,7,0,34,34,234.1,7.91,2.42,0.88,0.274,0.826,0.412,0.094,2.53,3.51,3.61,5.3,755,0
2015,Madison Bumgarner,Giants,NL,18,9,0,32,32,218.1,9.65,1.61,0.87,0.282,0.779,0.417,0.102,2.93,2.87,3.02,5.2,5524,0
2015,Jacob deGrom,Mets,NL,14,8,0,30,30,191,9.66,1.79,0.75,0.271,0.78,0.444,0.095,2.54,2.7,2.92,5.2,10954,0
2012,R.A. Dickey,Mets,NL,20,6,0,33,33,232.2,8.9,2.09,0.89,0.276,0.802,0.46,0.109,2.67,3.22,3.26,5.1,1245,1
2017,Zack Greinke,Diamondbacks,NL,17,7,0,32,32,202.1,9.56,2,1.11,0.285,0.753,0.468,0.134,3.2,3.31,3.34,5.1,1943,0
2012,Cliff Lee,Phillies,NL,6,9,0,30,30,211,8.83,1.19,1.11,0.309,0.786,0.45,0.118,3.16,3.13,3.06,5,1636,0
2011,Matt Cain,Giants,NL,12,11,0,33,33,221.2,7.27,2.56,0.37,0.26,0.706,0.417,0.037,2.88,2.91,3.78,5,4732,0
2015,Jon Lester,Cubs,NL,11,12,0,32,32,205,9.09,2.06,0.7,0.303,0.718,0.489,0.099,3.34,2.92,3.06,5,4930,0
2012,Gio Gonzalez,Nationals,NL,21,8,0,32,32,199.1,9.35,3.43,0.41,0.267,0.741,0.482,0.058,2.89,2.82,3.38,5,7448,0
2011,Cole Hamels,Phillies,NL,14,9,0,31,31,213,8.15,1.86,0.76,0.254,0.784,0.519,0.095,2.75,3,3.02,4.9,4972,0
2007,Roy Oswalt,Astros,NL,14,7,0,32,32,211.2,6.55,2.55,0.6,0.307,0.775,0.53,0.067,3.19,3.59,3.97,4.9,571,0
2011,Madison Bumgarner,Giants,NL,13,13,0,33,33,204.2,8.4,2.02,0.53,0.322,0.724,0.46,0.062,3.21,2.67,3.1,4.9,5524,0
2016,Madison Bumgarner,Giants,NL,15,9,0,34,34,226.2,9.97,2.14,1.03,0.265,0.791,0.396,0.107,2.74,3.24,3.54,4.9,5524,0
2014,Adam Wainwright,Cardinals,NL,20,9,0,32,32,227,7.1,1.98,0.4,0.267,0.78,0.463,0.053,2.38,2.88,3.34,4.9,2233,0
2007,Tim Hudson,Braves,NL,16,10,0,34,34,224.1,5.3,2.13,0.4,0.292,0.728,0.62,0.065,3.33,3.46,3.74,4.9,921,0
2011,Matt Garza,Cubs,NL,10,10,0,31,31,198,8.95,2.86,0.64,0.306,0.697,0.463,0.077,3.32,2.95,3.19,4.9,3340,0
2017,Jimmy Nelson,Brewers,NL,12,6,0,29,29,175.1,10.21,2.46,0.82,0.34,0.744,0.503,0.126,3.49,3.05,3.15,4.8,10547,0
2008,Derek Lowe,Dodgers,NL,14,11,0,34,34,211,6.27,1.92,0.6,0.28,0.708,0.603,0.095,3.24,3.26,3.32,4.8,199,0
2013,Mat Latos,Reds,NL,14,7,0,32,32,210.2,7.99,2.48,0.6,0.299,0.746,0.451,0.069,3.16,3.1,3.56,4.8,3815,0
2011,Chris Carpenter,Cardinals,NL,11,9,0,34,34,237.1,7.24,2.09,0.61,0.312,0.732,0.466,0.075,3.45,3.06,3.31,4.8,1292,0
2011,Ian Kennedy,Diamondbacks,NL,21,4,0,33,33,222,8.03,2.23,0.77,0.27,0.792,0.386,0.077,2.88,3.22,3.5,4.8,6986,0
2008,Cole Hamels,Phillies,NL,14,10,0,33,33,227.1,7.76,2.1,1.11,0.259,0.76,0.395,0.112,3.09,3.72,3.58,4.8,4972,0
2010,Clayton Kershaw,Dodgers,NL,13,10,0,32,32,204.1,9.34,3.57,0.57,0.275,0.762,0.401,0.058,2.91,3.12,3.64,4.7,2036,0
2008,Ben Sheets,Brewers,NL,13,9,0,31,31,198.1,7.17,2.13,0.77,0.278,0.755,0.406,0.07,3.09,3.38,3.88,4.7,710,0
2012,Johnny Cueto,Reds,NL,19,9,0,33,33,217,7.05,2.03,0.62,0.296,0.788,0.489,0.079,2.78,3.27,3.65,4.7,6893,0
2008,Ryan Dempster,Cubs,NL,17,6,0,33,33,206.2,8.14,3.31,0.61,0.28,0.767,0.481,0.077,2.96,3.41,3.69,4.7,517,0
2011,Daniel Hudson,Diamondbacks,NL,16,12,0,33,33,222,6.85,2.03,0.69,0.295,0.705,0.417,0.064,3.49,3.28,3.79,4.6,7146,0
2017,Clayton Kershaw,Dodgers,NL,18,4,0,27,27,175,10.39,1.54,1.18,0.267,0.874,0.479,0.159,2.31,3.07,2.84,4.6,2036,0
2009,Joel Pineiro,Cardinals,NL,15,12,0,32,32,214,4.42,1.14,0.46,0.29,0.669,0.605,0.065,3.49,3.27,3.64,4.6,1094,0
2014,Johnny Cueto,Reds,NL,20,9,0,34,34,243.2,8.94,2.4,0.81,0.238,0.825,0.462,0.103,2.25,3.3,3.21,4.6,6893,0
2012,Cole Hamels,Phillies,NL,17,6,0,31,31,215.1,9.03,2.17,1,0.29,0.781,0.434,0.119,3.05,3.3,3.23,4.6,4972,0
2010,Yovani Gallardo,Brewers,NL,14,7,0,31,31,185,9.73,3.65,0.58,0.324,0.698,0.43,0.071,3.84,3.02,3.29,4.6,8173,0
2013,Cole Hamels,Phillies,NL,8,14,0,33,33,220,8.26,2.05,0.86,0.295,0.725,0.427,0.091,3.6,3.26,3.44,4.5,4972,0
2014,Stephen Strasburg,Nationals,NL,14,11,0,34,34,215,10.13,1.8,0.96,0.315,0.748,0.459,0.131,3.14,2.94,2.56,4.5,10131,0
2016,Kyle Hendricks,Cubs,NL,16,8,0,30,30,188,8.09,2.06,0.72,0.252,0.814,0.487,0.096,2.15,3.2,3.55,4.4,12049,0
2007,Brad Penny,Dodgers,NL,16,4,0,33,33,208,5.84,3.16,0.39,0.295,0.764,0.487,0.047,3.03,3.63,4.23,4.4,535,0
2008,Aaron Cook,Rockies,NL,16,9,0,32,32,211.1,4.09,2.04,0.55,0.308,0.689,0.559,0.076,3.96,3.76,4.02,4.4,1571,0
2008,Edinson Volquez,Reds,NL,17,5,0,32,32,194.1,9.45,4.26,0.6,0.302,0.76,0.463,0.076,3.24,3.54,3.83,4.4,3990,0
2010,Roy Oswalt,- - -,NL,13,13,0,32,32,210.2,8.2,2.35,0.81,0.251,0.781,0.454,0.091,2.73,3.28,3.32,4.4,571,0
2015,Matt Harvey,Mets,NL,13,8,0,29,29,189.1,8.94,1.76,0.86,0.272,0.787,0.46,0.098,2.71,3.05,3.24,4.4,11713,0
2010,Mat Latos,Padres,NL,14,10,0,31,31,184.2,9.21,2.44,0.78,0.273,0.774,0.447,0.08,2.92,3,3.21,4.3,3815,0
2015,Tyson Ross,Padres,NL,10,12,0,33,33,196,9.73,3.86,0.41,0.32,0.74,0.615,0.088,3.26,2.98,3.15,4.3,7872,0
2016,Jon Lester,Cubs,NL,19,5,0,32,32,202.2,8.75,2.31,0.93,0.256,0.849,0.469,0.122,2.44,3.41,3.47,4.3,4930,0
2014,Zack Greinke,Dodgers,NL,17,8,0,32,32,202.1,9.21,1.91,0.85,0.311,0.797,0.487,0.119,2.71,2.97,2.72,4.3,1943,0
2010,Hiroki Kuroda,Dodgers,NL,11,13,0,31,31,196.1,7.29,2.2,0.69,0.283,0.689,0.511,0.08,3.39,3.26,3.43,4.3,3283,0
2012,Wade Miley,Diamondbacks,NL,15,11,0,29,29,186,6.87,1.6,0.63,0.299,0.715,0.424,0.066,3.34,3.04,3.7,4.3,8779,0
2017,Jacob deGrom,Mets,NL,15,10,0,31,31,201.1,10.68,2.64,1.25,0.305,0.763,0.453,0.161,3.53,3.5,3.23,4.3,10954,0
2014,Cole Hamels,Phillies,NL,9,9,0,30,30,204.2,8.71,2.59,0.62,0.295,0.819,0.464,0.082,2.46,3.07,3.21,4.3,4972,0
2010,Tim Lincecum,Giants,NL,16,10,0,33,33,212.1,9.79,3.22,0.76,0.31,0.765,0.489,0.099,3.43,3.15,3.09,4.3,5705,0
2008,Chad Billingsley,Dodgers,NL,16,10,0,32,32,196.1,9.03,3.62,0.64,0.311,0.779,0.496,0.085,3.16,3.38,3.56,4.3,5842,0
2007,Chris Young,Padres,NL,9,8,0,30,30,173,8.69,3.75,0.52,0.241,0.716,0.291,0.041,3.12,3.43,4.44,4.3,3196,0
2010,Chad Billingsley,Dodgers,NL,12,11,0,31,31,191.2,8.03,3.24,0.38,0.301,0.71,0.496,0.045,3.57,3.07,3.67,4.2,5842,0
2013,A.J. Burnett,Pirates,NL,10,11,0,30,30,191,9.85,3.16,0.52,0.305,0.718,0.565,0.091,3.3,2.8,2.92,4.2,512,0
2012,Adam Wainwright,Cardinals,NL,14,13,0,32,32,198.2,8.34,2.36,0.68,0.315,0.678,0.508,0.099,3.94,3.1,3.23,4.1,2233,0
2009,Wandy Rodriguez,Astros,NL,14,12,0,33,33,205.2,8.45,2.76,0.92,0.302,0.794,0.449,0.099,3.02,3.54,3.57,4.1,2586,0
2013,Homer Bailey,Reds,NL,11,12,0,32,32,209,8.57,2.33,0.86,0.284,0.737,0.461,0.102,3.49,3.31,3.34,4.1,8362,0
2007,Matt Cain,Giants,NL,7,16,0,32,32,200,7.34,3.56,0.63,0.278,0.729,0.394,0.055,3.65,3.78,4.47,4.1,4732,0
2010,Tommy Hanson,Braves,NL,10,11,0,34,34,202.2,7.68,2.49,0.62,0.286,0.714,0.418,0.058,3.33,3.31,3.87,4.1,9129,0
2013,Jose Fernandez,Marlins,NL,12,6,0,28,28,172.2,9.75,3.02,0.52,0.24,0.794,0.451,0.071,2.19,2.73,3.08,4.1,11530,0
2009,Ricky Nolasco,Marlins,NL,13,9,0,31,31,185,9.49,2.14,1.12,0.317,0.61,0.383,0.11,5.06,3.35,3.23,4.1,3830,0
2009,Jair Jurrjens,Braves,NL,14,10,0,34,34,215,6.36,3.14,0.63,0.268,0.794,0.429,0.061,2.6,3.68,4.28,4,5556,0
2011,Tim Lincecum,Giants,NL,13,14,0,33,33,217,9.12,3.57,0.62,0.281,0.785,0.479,0.08,2.74,3.17,3.36,4,5705,0
2014,Madison Bumgarner,Giants,NL,18,10,0,33,33,217.1,9.07,1.78,0.87,0.296,0.758,0.444,0.1,2.98,3.05,2.99,4,5524,0
2010,Matt Cain,Giants,NL,13,11,0,33,33,223.1,7.13,2.46,0.89,0.252,0.753,0.362,0.074,3.14,3.65,4,4,4732,0
2007,Cole Hamels,Phillies,NL,15,5,0,28,28,183.1,8.69,2.11,1.23,0.279,0.787,0.419,0.128,3.39,3.83,3.4,3.9,4972,0
2010,Brett Myers,Astros,NL,14,8,0,33,33,223.2,7.24,2.66,0.8,0.288,0.763,0.487,0.085,3.14,3.56,3.67,3.9,962,0
2011,Zack Greinke,Brewers,NL,16,6,0,28,28,171.2,10.54,2.36,1,0.318,0.698,0.473,0.136,3.83,2.98,2.56,3.9,1943,0
2010,Anibal Sanchez,Marlins,NL,13,12,0,32,32,195,7.25,3.23,0.46,0.305,0.706,0.451,0.045,3.55,3.32,4.04,3.9,3284,0
2008,Ricky Nolasco,Marlins,NL,15,8,0,32,32,206.2,8.06,1.79,1.22,0.273,0.752,0.385,0.109,3.61,3.79,3.66,3.9,3830,0
2007,Greg Maddux,Padres,NL,14,11,0,34,34,198,4.73,1.14,0.64,0.304,0.689,0.515,0.071,4.14,3.58,3.9,3.9,104,0
2013,Jhoulys Chacin,Rockies,NL,14,10,0,31,31,197.1,5.75,2.78,0.5,0.288,0.719,0.468,0.062,3.47,3.47,3.97,3.9,2608,0
2009,Cole Hamels,Phillies,NL,10,11,0,32,32,193.2,7.81,2,1.12,0.317,0.721,0.404,0.107,4.32,3.72,3.63,3.9,4972,0
2013,Madison Bumgarner,Giants,NL,13,9,0,31,31,201.1,8.9,2.77,0.67,0.251,0.757,0.468,0.082,2.77,3.05,3.32,3.8,5524,0
2008,Ubaldo Jimenez,Rockies,NL,12,12,0,34,34,198.2,7.79,4.67,0.5,0.299,0.708,0.544,0.069,3.99,3.83,4.16,3.8,3374,0
2011,Mat Latos,Padres,NL,9,14,0,31,31,194.1,8.57,2.87,0.74,0.284,0.714,0.428,0.073,3.47,3.16,3.52,3.8,3815,0
2008,Jair Jurrjens,Braves,NL,13,10,0,31,31,188.1,6.64,3.35,0.53,0.301,0.71,0.517,0.071,3.68,3.59,3.92,3.8,5556,0
2016,Jake Arrieta,Cubs,NL,18,8,0,31,31,197.1,8.67,3.47,0.73,0.241,0.749,0.526,0.111,3.1,3.52,3.68,3.8,4153,0
2017,Jeff Samardzija,Giants,NL,9,15,0,32,32,207.2,8.88,1.39,1.3,0.303,0.675,0.415,0.138,4.42,3.61,3.6,3.8,3254,0
2007,Ted Lilly,Cubs,NL,15,8,0,34,34,207,7.57,2.39,1.22,0.261,0.741,0.337,0.097,3.83,4.16,4.16,3.8,833,0
2012,Matt Cain,Giants,NL,16,5,0,32,32,219.1,7.92,2.09,0.86,0.259,0.79,0.374,0.084,2.79,3.4,3.82,3.7,4732,0
2008,Randy Johnson,Diamondbacks,NL,11,10,0,30,30,184,8.46,2.15,1.17,0.301,0.709,0.402,0.108,3.91,3.76,3.66,3.7,60,0
2007,Jeff Francis,Rockies,NL,17,9,0,34,34,215.1,6.9,2.63,1.04,0.316,0.747,0.444,0.1,4.22,4.19,4.13,3.7,4684,0
2007,Adam Wainwright,Cardinals,NL,14,12,0,32,32,202,6.06,3.12,0.58,0.304,0.726,0.482,0.058,3.7,3.9,4.45,3.7,2233,0
2015,Francisco Liriano,Pirates,NL,12,7,0,31,31,186.2,9.88,3.38,0.72,0.293,0.742,0.512,0.117,3.38,3.19,3.16,3.7,3201,0
2015,Gio Gonzalez,Nationals,NL,11,8,0,31,31,175.2,8.66,3.54,0.41,0.341,0.721,0.538,0.059,3.79,3.05,3.59,3.7,7448,0
2008,Roy Oswalt,Astros,NL,17,10,0,32,32,208.2,7.12,2.03,0.99,0.285,0.746,0.503,0.127,3.54,3.8,3.51,3.7,571,0
2013,Jordan Zimmermann,Nationals,NL,19,9,0,32,32,213.1,6.79,1.69,0.8,0.271,0.744,0.476,0.095,3.25,3.36,3.48,3.7,4505,0
2013,Lance Lynn,Cardinals,NL,15,10,0,33,33,201.2,8.84,3.39,0.62,0.314,0.718,0.431,0.074,3.97,3.28,3.66,3.7,2520,0
2008,Matt Cain,Giants,NL,8,14,0,34,34,217.2,7.69,3.76,0.79,0.297,0.753,0.332,0.069,3.76,3.91,4.45,3.7,4732,0
2009,Ted Lilly,Cubs,NL,12,9,0,27,27,177,7.68,1.83,1.12,0.261,0.778,0.319,0.087,3.1,3.65,3.91,3.7,833,0
2013,Hyun-Jin Ryu,Dodgers,NL,14,8,0,30,30,192,7.22,2.3,0.7,0.296,0.782,0.506,0.087,3,3.24,3.46,3.6,14444,0
2008,Jake Peavy,Padres,NL,10,11,0,27,27,173.2,8.6,3.06,0.88,0.279,0.822,0.406,0.097,2.85,3.6,3.65,3.6,1051,0
2012,Kyle Lohse,Cardinals,NL,16,3,0,33,33,211,6.1,1.62,0.81,0.262,0.772,0.405,0.082,2.86,3.51,3.96,3.6,739,0
2015,John Lackey,Cardinals,NL,13,10,0,33,33,218,7.22,2.19,0.87,0.295,0.826,0.46,0.098,2.77,3.57,3.77,3.6,1507,0
2010,Wandy Rodriguez,Astros,NL,11,12,0,32,32,195,8.22,3.14,0.74,0.303,0.694,0.479,0.09,3.6,3.5,3.55,3.6,2586,0
2011,Yovani Gallardo,Brewers,NL,17,10,0,33,33,207.1,8.99,2.56,1.17,0.291,0.748,0.466,0.127,3.52,3.59,3.19,3.6,8173,0
2008,Hiroki Kuroda,Dodgers,NL,9,10,0,31,31,183.1,5.69,2.06,0.64,0.281,0.685,0.513,0.076,3.73,3.59,3.89,3.6,3283,0
2009,Ryan Dempster,Cubs,NL,11,9,0,31,31,200,7.74,2.93,0.99,0.302,0.732,0.472,0.11,3.65,3.87,3.76,3.6,517,0
2011,Shaun Marcum,Brewers,NL,13,7,0,33,33,200.2,7.09,2.56,0.99,0.261,0.736,0.372,0.087,3.54,3.73,3.89,3.6,6204,0
2013,Mike Minor,Braves,NL,13,9,0,32,32,204.2,7.96,2.02,0.97,0.272,0.751,0.35,0.088,3.21,3.37,3.64,3.5,10021,0
2011,Anibal Sanchez,Marlins,NL,8,9,0,32,32,196.1,9.26,2.93,0.92,0.31,0.75,0.443,0.104,3.67,3.35,3.25,3.5,3284,0
2009,Roy Oswalt,Astros,NL,8,6,0,30,30,181.1,6.85,2.08,0.94,0.298,0.727,0.433,0.097,4.12,3.76,3.82,3.5,571,0
2013,Patrick Corbin,Diamondbacks,NL,14,8,0,32,32,208.1,7.69,2.33,0.82,0.283,0.759,0.467,0.101,3.41,3.43,3.48,3.5,9323,0
2010,Cole Hamels,Phillies,NL,12,11,0,33,33,208.2,9.1,2.63,1.12,0.289,0.827,0.454,0.123,3.06,3.67,3.28,3.5,4972,0
2015,Carlos Martinez,Cardinals,NL,14,6,0,29,29,174.2,9.33,2.99,0.67,0.319,0.788,0.545,0.111,3.04,3.16,3.18,3.5,11682,0
2010,Johan Santana,Mets,NL,11,9,0,29,29,199,6.51,2.49,0.72,0.272,0.791,0.345,0.06,2.98,3.54,4.13,3.5,755,0
2014,Ian Kennedy,Padres,NL,13,13,0,33,33,201,9.27,3.13,0.72,0.315,0.74,0.397,0.078,3.63,3.21,3.44,3.4,6986,0
2009,Matt Cain,Giants,NL,14,8,0,33,33,217.2,7.07,3.02,0.91,0.263,0.816,0.39,0.084,2.89,3.89,4.16,3.4,4732,0
2014,Lance Lynn,Cardinals,NL,15,10,0,33,33,203.2,8,3.18,0.57,0.29,0.781,0.443,0.061,2.74,3.35,3.81,3.4,2520,0
2017,Gio Gonzalez,Nationals,NL,15,9,0,32,32,201,8.42,3.54,0.94,0.258,0.816,0.458,0.111,2.96,3.93,4.24,3.4,7448,0
2011,Jaime Garcia,Cardinals,NL,13,7,0,32,32,194.2,7.21,2.31,0.69,0.318,0.668,0.536,0.089,3.56,3.23,3.31,3.4,8137,0
2009,Jorge De La Rosa,Rockies,NL,16,9,0,32,32,184,9.39,4.01,0.93,0.308,0.717,0.446,0.112,4.3,3.84,3.7,3.4,2047,0
2007,Ian Snell,Pirates,NL,9,12,0,32,32,208,7.66,2.94,0.95,0.308,0.751,0.459,0.096,3.76,4.01,4.02,3.4,2227,0
2015,Shelby Miller,Braves,NL,6,17,0,33,33,205.1,7.5,3.2,0.57,0.285,0.738,0.477,0.064,3.02,3.45,4.07,3.4,10197,0
2011,Tim Hudson,Braves,NL,16,10,0,33,33,215,6.61,2.34,0.59,0.273,0.724,0.567,0.088,3.22,3.39,3.48,3.4,921,0
2015,Kyle Hendricks,Cubs,NL,8,7,0,32,32,180,8.35,2.15,0.85,0.296,0.699,0.513,0.124,3.95,3.36,3.25,3.4,12049,0
2007,Bronson Arroyo,Reds,NL,9,15,0,34,34,210.2,6.66,2.69,1.2,0.309,0.74,0.353,0.096,4.23,4.57,4.59,3.4,978,0
2013,Zack Greinke,Dodgers,NL,15,4,0,28,28,177.2,7.5,2.33,0.66,0.276,0.808,0.456,0.086,2.63,3.23,3.45,3.4,1943,0
2009,Randy Wolf,Dodgers,NL,11,7,0,34,34,214.1,6.72,2.44,1.01,0.251,0.773,0.396,0.092,3.23,3.96,4.1,3.3,976,0
2017,Carlos Martinez,Cardinals,NL,12,11,0,32,32,205,9.53,3.12,1.19,0.284,0.749,0.513,0.164,3.64,3.91,3.63,3.3,11682,0
2010,Chris Carpenter,Cardinals,NL,16,9,0,35,35,235,6.86,2.41,0.8,0.278,0.733,0.511,0.093,3.22,3.69,3.7,3.3,1292,0
2013,Stephen Strasburg,Nationals,NL,8,9,0,30,30,183,9.39,2.75,0.79,0.263,0.732,0.515,0.111,3,3.21,3.15,3.3,10131,0
2016,Carlos Martinez,Cardinals,NL,16,9,0,31,31,195.1,8.02,3.23,0.69,0.286,0.795,0.564,0.106,3.04,3.61,3.81,3.3,11682,0
2016,Kenta Maeda,Dodgers,NL,16,11,0,32,32,175.2,9.17,2.56,1.02,0.283,0.756,0.439,0.118,3.48,3.58,3.7,3.3,18498,0
2012,Jordan Zimmermann,Nationals,NL,12,8,0,32,32,195.2,7.04,1.98,0.83,0.288,0.793,0.434,0.092,2.94,3.51,3.78,3.3,4505,0
2016,Tanner Roark,Nationals,NL,16,10,0,33,33,207.2,7.37,3.16,0.74,0.271,0.795,0.488,0.096,2.86,3.82,4.18,3.2,8753,0
2014,Julio Teheran,Braves,NL,14,13,0,33,33,221,7.57,2.08,0.9,0.267,0.759,0.348,0.081,2.89,3.49,3.72,3.2,6797,0
2009,Paul Maholm,Pirates,NL,8,9,0,31,31,194.2,5.5,2.77,0.65,0.325,0.692,0.521,0.073,4.44,3.83,4.18,3.2,8678,0
2009,Jason Marquis,Rockies,NL,15,13,0,33,33,216,4.79,3.33,0.62,0.287,0.705,0.556,0.078,4.04,4.1,4.37,3.2,105,0
2013,Gio Gonzalez,Nationals,NL,11,8,0,32,32,195.2,8.83,3.5,0.78,0.286,0.753,0.439,0.097,3.36,3.41,3.51,3.2,7448,0
2010,Jason Hammel,Rockies,NL,10,9,0,30,30,177.2,7.14,2.38,0.91,0.328,0.686,0.467,0.097,4.81,3.7,3.66,3.2,4538,0
2008,Kyle Lohse,Cardinals,NL,15,6,0,33,33,200,5.36,2.21,0.81,0.297,0.736,0.458,0.086,3.78,3.89,4.11,3.2,739,0
2013,Ricky Nolasco,- - -,NL,13,11,0,33,33,198.1,7.44,2.09,0.77,0.298,0.707,0.428,0.087,3.72,3.36,3.59,3.2,3830,0
2016,Julio Teheran,Braves,NL,7,10,0,30,30,188,7.99,1.96,1.05,0.26,0.778,0.391,0.1,3.21,3.69,4.13,3.2,6797,0
2014,Tanner Roark,Nationals,NL,15,10,0,31,31,198.2,6.25,1.77,0.72,0.27,0.793,0.414,0.07,2.85,3.47,3.84,3.2,8753,0
2007,John Maine,Mets,NL,15,10,0,32,32,191,8.48,3.53,1.08,0.275,0.732,0.37,0.096,3.91,4.18,4.18,3.2,4773,0
2016,Jeremy Hellickson,Phillies,NL,12,10,0,32,32,189,7.33,2.14,1.14,0.274,0.725,0.407,0.127,3.71,3.98,3.99,3.2,4371,0
2014,Tyson Ross,Padres,NL,13,14,0,31,31,195.2,8.97,3.31,0.6,0.291,0.751,0.57,0.113,2.81,3.24,3.11,3.2,7872,0
2008,Mike Pelfrey,Mets,NL,13,11,0,32,32,200.2,4.93,2.87,0.54,0.302,0.743,0.496,0.063,3.72,3.96,4.45,3.1,5203,0
2012,Josh Johnson,Marlins,NL,8,14,0,31,31,191.1,7.76,3.06,0.66,0.302,0.719,0.462,0.084,3.81,3.4,3.73,3.1,4567,0
2017,Gerrit Cole,Pirates,NL,12,12,0,33,33,203,8.69,2.44,1.37,0.298,0.746,0.458,0.159,4.26,4.08,3.81,3.1,13125,0
2013,Eric Stults,Padres,NL,11,13,0,33,33,203.2,5.79,1.77,0.8,0.302,0.696,0.404,0.069,3.93,3.53,4.13,3.1,8011,0
2009,Chad Billingsley,Dodgers,NL,12,11,0,32,32,194.2,8.28,3.88,0.74,0.291,0.707,0.453,0.084,3.98,3.73,3.94,3.1,5842,0
2011,Javier Vazquez,Marlins,NL,13,11,0,32,32,192.2,7.57,2.34,0.98,0.279,0.693,0.342,0.08,3.69,3.57,3.87,3.1,801,0
2007,Rich Hill,Cubs,NL,11,8,0,32,32,195,8.45,2.91,1.25,0.271,0.753,0.36,0.117,3.92,4.32,4,3.1,4806,0
2007,Tom Gorzelanny,Pirates,NL,14,10,0,32,32,201.2,6.02,3.03,0.8,0.305,0.758,0.421,0.07,3.88,4.24,4.68,3.1,6244,0
2016,Robbie Ray,Diamondbacks,NL,8,15,0,32,32,174.1,11.25,3.67,1.24,0.352,0.687,0.457,0.155,4.9,3.76,3.45,3.1,11486,0
2007,Wandy Rodriguez,Astros,NL,9,13,0,31,31,182.2,7.78,3.05,1.08,0.293,0.669,0.414,0.101,4.58,4.18,4.1,3.1,2586,0
2007,Derek Lowe,Dodgers,NL,12,14,0,32,32,198.1,6.63,2.68,0.91,0.289,0.681,0.649,0.171,3.9,3.99,3.41,3.1,199,0
2015,Lance Lynn,Cardinals,NL,12,11,0,31,31,175.1,8.57,3.49,0.67,0.319,0.789,0.442,0.077,3.03,3.44,3.9,3.1,2520,0
2012,Mat Latos,Reds,NL,14,4,0,33,33,209.1,7.95,2.75,1.07,0.266,0.755,0.456,0.118,3.48,3.85,3.79,3.1,3815,0
2016,John Lackey,Cubs,NL,11,8,0,29,29,188.1,8.6,2.53,1.1,0.255,0.762,0.41,0.129,3.35,3.81,3.8,3.1,1507,0
2012,Madison Bumgarner,Giants,NL,16,11,0,32,32,208.1,8.25,2.12,0.99,0.276,0.735,0.479,0.117,3.37,3.5,3.45,3.1,5524,0
2009,Kevin Correia,Padres,NL,12,11,0,33,33,198,6.45,2.91,0.77,0.294,0.714,0.448,0.078,3.91,3.81,4.14,3.1,1767,0
2015,Anthony DeSclafani,Reds,NL,9,13,0,31,31,184.2,7.36,2.68,0.83,0.318,0.699,0.451,0.091,4.05,3.67,3.97,3.1,13050,0
2011,Ricky Nolasco,Marlins,NL,10,12,0,33,33,206,6.47,1.92,0.87,0.331,0.662,0.451,0.095,4.67,3.54,3.55,3,3830,0
2017,Patrick Corbin,Diamondbacks,NL,14,13,0,32,32,187,8.47,2.84,1.25,0.327,0.738,0.505,0.154,4.09,4.08,3.88,3,9323,0
2012,A.J. Burnett,Pirates,NL,16,10,0,31,31,202.1,8.01,2.76,0.8,0.294,0.741,0.569,0.127,3.51,3.52,3.4,3,512,0
2016,Gio Gonzalez,Nationals,NL,11,11,0,32,32,177.1,8.68,2.99,0.96,0.316,0.676,0.476,0.125,4.57,3.76,3.8,3,7448,0
2015,Jordan Zimmermann,Nationals,NL,13,10,0,33,33,201.2,7.32,1.74,1.07,0.302,0.745,0.42,0.109,3.66,3.75,3.82,3,4505,0
2010,Livan Hernandez,Nationals,NL,10,12,0,33,33,211.2,4.85,2.72,0.68,0.287,0.73,0.393,0.058,3.66,3.95,4.57,2.9,1116,0
2009,Max Scherzer,Diamondbacks,NL,9,11,0,30,30,170.1,9.19,3.33,1.06,0.308,0.687,0.418,0.104,4.12,3.87,3.82,2.9,3137,0
2016,Adam Wainwright,Cardinals,NL,13,9,0,33,33,198.2,7.29,2.67,1,0.33,0.695,0.438,0.118,4.62,3.93,4.06,2.9,2233,0
2007,Kyle Lohse,- - -,NL,9,12,0,32,32,189.1,5.61,2.66,1.05,0.301,0.685,0.37,0.087,4.66,4.58,4.74,2.9,739,0
2014,Nathan Eovaldi,Marlins,NL,6,14,0,33,33,199.2,6.4,1.94,0.63,0.323,0.655,0.448,0.066,4.37,3.37,3.78,2.9,9132,0
2014,Bartolo Colon,Mets,NL,15,13,0,31,31,202.1,6.72,1.33,0.98,0.307,0.702,0.393,0.088,4.09,3.57,3.68,2.9,375,0
2014,Ervin Santana,Braves,NL,14,10,0,31,31,196,8.22,2.89,0.73,0.319,0.716,0.427,0.088,3.95,3.39,3.47,2.9,3200,0
2008,Bronson Arroyo,Reds,NL,15,11,0,34,34,200,7.34,3.06,1.31,0.314,0.701,0.415,0.131,4.77,4.5,4.07,2.8,978,0
2008,Ted Lilly,Cubs,NL,17,9,0,34,34,204.2,8.09,2.81,1.41,0.27,0.76,0.336,0.121,4.09,4.41,4.08,2.8,833,0
2016,Jerad Eickhoff,Phillies,NL,11,14,0,33,33,197.1,7.62,1.92,1.37,0.278,0.764,0.407,0.131,3.65,4.19,4.15,2.8,12664,0
2008,Carlos Zambrano,Cubs,NL,14,6,0,30,30,188.2,6.2,3.43,0.86,0.27,0.734,0.472,0.09,3.91,4.23,4.4,2.8,305,0
2012,Lucas Harrell,Astros,NL,11,11,0,32,32,193.2,6.51,3.62,0.6,0.289,0.708,0.572,0.097,3.76,3.75,3.89,2.8,7541,0
2013,Kris Medlen,Braves,NL,15,11,0,31,31,194,7.19,2.13,0.79,0.297,0.763,0.45,0.094,3.11,3.42,3.55,2.8,9417,0
2007,Carlos Zambrano,Cubs,NL,18,13,0,34,34,216.1,7.36,4.2,0.96,0.269,0.749,0.468,0.102,3.95,4.58,4.51,2.8,305,0
2008,Jamie Moyer,Phillies,NL,16,7,0,33,33,196.1,5.64,2.84,0.92,0.286,0.766,0.439,0.09,3.71,4.32,4.48,2.8,1091,0
2009,Yovani Gallardo,Brewers,NL,13,12,0,30,30,185.2,9.89,4.56,1.02,0.275,0.779,0.45,0.123,3.73,3.97,3.71,2.8,8173,0
2012,Jeff Samardzija,Cubs,NL,9,13,0,28,28,174.2,9.27,2.89,1.03,0.296,0.73,0.446,0.128,3.81,3.55,3.38,2.7,3254,0
2017,Zach Davies,Brewers,NL,17,9,0,33,33,191.1,5.83,2.59,0.94,0.302,0.742,0.502,0.12,3.9,4.22,4.42,2.7,13183,0
2012,Homer Bailey,Reds,NL,13,10,0,33,33,208,7.27,2.25,1.12,0.29,0.736,0.449,0.115,3.68,3.97,3.94,2.7,8362,0
2007,Oliver Perez,Mets,NL,15,10,0,29,29,177,8.85,4.02,1.12,0.271,0.716,0.328,0.088,3.56,4.35,4.5,2.7,1514,0
2013,Travis Wood,Cubs,NL,9,12,0,32,32,200,6.48,2.97,0.81,0.248,0.774,0.332,0.069,3.11,3.89,4.5,2.7,9884,0
2011,Hiroki Kuroda,Dodgers,NL,13,16,0,32,32,202,7.17,2.18,1.07,0.287,0.799,0.432,0.113,3.07,3.78,3.56,2.7,3283,0
2013,Jeff Samardzija,Cubs,NL,8,13,0,33,33,213.2,9.01,3.29,1.05,0.314,0.717,0.482,0.133,4.34,3.77,3.45,2.7,3254,0
2010,R.A. Dickey,Mets,NL,11,9,0,26,26,173.1,5.35,2.13,0.68,0.277,0.772,0.553,0.086,2.86,3.64,3.73,2.7,1245,0
2012,Jon Niese,Mets,NL,13,9,0,30,30,190.1,7.33,2.32,1.04,0.272,0.765,0.483,0.126,3.4,3.8,3.64,2.7,4424,0
2016,Bartolo Colon,Mets,NL,15,8,0,33,33,190.1,6.01,1.51,1.13,0.292,0.764,0.43,0.115,3.45,4,4.18,2.7,375,0
2012,Chris Capuano,Dodgers,NL,12,12,0,33,33,198.1,7.35,2.45,1.13,0.284,0.732,0.403,0.111,3.72,3.95,3.97,2.7,1701,0
2017,Jon Lester,Cubs,NL,13,8,0,32,32,180.2,8.97,2.99,1.3,0.31,0.687,0.462,0.158,4.33,4.1,3.85,2.7,4930,0
2010,Johnny Cueto,Reds,NL,12,7,0,31,31,185.2,6.69,2.71,0.92,0.29,0.761,0.417,0.086,3.64,3.97,4.09,2.6,6893,0
2008,Randy Wolf,- - -,NL,12,12,0,33,33,190.1,7.66,3.36,0.99,0.305,0.711,0.388,0.097,4.3,4.17,4.24,2.6,976,0
2008,Paul Maholm,Pirates,NL,9,9,0,31,31,206.1,6.06,2.75,0.92,0.29,0.755,0.536,0.121,3.71,4.15,3.94,2.6,8678,0
2007,Jeff Suppan,Brewers,NL,12,12,0,34,34,206.2,4.96,2.96,0.78,0.318,0.704,0.454,0.073,4.62,4.42,4.77,2.6,633,0
2016,Jeff Samardzija,Giants,NL,12,11,0,32,32,203.1,7.39,2.39,1.06,0.285,0.743,0.465,0.119,3.81,3.85,3.96,2.6,3254,0
2010,Ryan Dempster,Cubs,NL,15,12,0,34,34,215.1,8.69,3.59,1.04,0.294,0.71,0.474,0.113,3.85,3.99,3.74,2.6,517,0
2010,Mike Pelfrey,Mets,NL,15,9,0,33,33,203,5.01,2.97,0.53,0.3,0.735,0.476,0.058,3.68,3.81,4.29,2.6,5203,0
2012,Yovani Gallardo,Brewers,NL,16,9,0,33,33,204,9,3.57,1.15,0.29,0.784,0.477,0.149,3.66,3.94,3.55,2.6,8173,0
2012,Bronson Arroyo,Reds,NL,12,10,0,32,32,202,5.75,1.56,1.16,0.286,0.767,0.414,0.106,3.74,4.08,4.19,2.6,978,0
2012,Trevor Cahill,Diamondbacks,NL,13,12,0,32,32,200,7.02,3.33,0.72,0.289,0.714,0.612,0.123,3.78,3.85,3.76,2.6,6249,0
2010,Randy Wells,Cubs,NL,8,14,0,32,32,194.1,6.67,2.92,0.88,0.311,0.72,0.469,0.094,4.26,3.93,3.94,2.6,4535,0
2014,Zack Wheeler,Mets,NL,11,11,0,32,32,185.1,9.08,3.84,0.68,0.304,0.729,0.54,0.101,3.54,3.55,3.49,2.6,10310,0
2015,Alex Wood,- - -,NL,12,12,0,32,32,189.2,6.6,2.8,0.71,0.313,0.729,0.495,0.094,3.84,3.69,3.9,2.6,13781,0
2016,Mike Leake,Cardinals,NL,9,12,0,30,30,176.2,6.37,1.53,1.02,0.318,0.656,0.537,0.135,4.69,3.83,3.76,2.5,10130,0
2012,Ian Kennedy,Diamondbacks,NL,15,12,0,33,33,208.1,8.08,2.38,1.21,0.306,0.749,0.373,0.108,4.02,4.04,4.13,2.5,6986,0
2009,Derek Lowe,Braves,NL,15,10,0,34,34,194.2,5.13,2.91,0.74,0.327,0.687,0.563,0.094,4.67,4.06,4.14,2.5,199,0
2014,Aaron Harang,Braves,NL,12,12,0,33,33,204.1,7.09,3.13,0.66,0.318,0.748,0.394,0.064,3.57,3.57,4.03,2.5,1451,0
2012,Ryan Vogelsong,Giants,NL,14,9,0,31,31,189.2,7.5,2.94,0.81,0.284,0.76,0.435,0.082,3.37,3.7,4.15,2.5,1011,0
2017,Tanner Roark,Nationals,NL,13,11,0,30,30,175.1,8.32,3.23,1.13,0.3,0.669,0.485,0.134,4.57,4.12,4.15,2.5,8753,0
2016,Chad Bettis,Rockies,NL,14,8,0,32,32,186,6.68,2.85,1.06,0.31,0.681,0.512,0.139,4.79,4.26,4.14,2.5,10587,0
2011,Ryan Dempster,Cubs,NL,10,14,0,34,34,202.1,8.5,3.65,1.02,0.324,0.704,0.441,0.112,4.8,3.91,3.7,2.5,517,0
2013,Julio Teheran,Braves,NL,14,8,0,30,30,185.2,8.24,2.18,1.07,0.288,0.809,0.378,0.101,3.2,3.69,3.76,2.5,6797,0
2010,Ted Lilly,- - -,NL,10,12,0,30,30,193.2,7.71,2.04,1.49,0.247,0.774,0.295,0.111,3.62,4.27,3.95,2.5,833,0
2007,Matt Morris,- - -,NL,10,11,0,32,32,198.2,4.62,2.76,0.82,0.32,0.657,0.485,0.083,4.89,4.45,4.65,2.5,1172,0
2011,R.A. Dickey,Mets,NL,8,13,0,32,32,207.2,5.76,2.34,0.78,0.278,0.75,0.511,0.084,3.29,3.78,3.96,2.5,1245,0
2012,Joe Blanton,- - -,NL,10,12,0,30,30,190.1,7.85,1.61,1.37,0.309,0.679,0.446,0.155,4.68,3.9,3.36,2.4,4849,0
2011,Kyle Lohse,Cardinals,NL,14,8,0,30,30,188.1,5.3,2.01,0.76,0.269,0.713,0.414,0.072,3.39,3.67,4.04,2.4,739,0
2013,Shelby Miller,Cardinals,NL,15,9,0,31,31,173.1,8.77,2.96,1.04,0.28,0.801,0.384,0.101,3.06,3.67,3.73,2.4,10197,0
2015,Bartolo Colon,Mets,NL,14,13,0,31,31,192.2,6.21,1.12,1.17,0.307,0.718,0.421,0.107,4.2,3.88,3.97,2.4,375,0
2008,Greg Maddux,- - -,NL,8,13,0,33,33,194,4.55,1.39,0.97,0.282,0.641,0.493,0.109,4.22,4.09,3.98,2.4,104,0
2015,Jason Hammel,Cubs,NL,10,7,0,31,31,170.2,9.07,2.11,1.21,0.288,0.728,0.383,0.128,3.74,3.68,3.47,2.4,4538,0
2017,Jhoulys Chacin,Padres,NL,13,10,0,32,32,180.1,7.64,3.59,0.95,0.272,0.744,0.491,0.114,3.89,4.26,4.54,2.4,2608,0
2007,Matt Belisle,Reds,NL,8,9,0,30,30,177.2,6.33,2.18,1.32,0.326,0.669,0.418,0.123,5.32,4.58,4.17,2.4,1837,0
2012,Wandy Rodriguez,- - -,NL,11,13,0,33,33,203.2,6.01,2.43,0.93,0.281,0.701,0.478,0.101,3.8,3.95,4.11,2.4,2586,0
2017,Clayton Richard,Padres,NL,8,15,0,32,32,197.1,6.89,2.69,1.09,0.351,0.706,0.592,0.194,4.79,4.23,3.76,2.4,3551,0
2009,Zach Duke,Pirates,NL,11,16,0,32,32,213,4.48,2.07,0.97,0.293,0.726,0.477,0.1,4.06,4.24,4.25,2.4,3840,0
2010,Clayton Richard,Padres,NL,14,9,0,33,33,201.2,6.83,3.48,0.71,0.311,0.749,0.461,0.077,3.75,3.81,4.04,2.4,3551,0
2014,Jon Niese,Mets,NL,9,11,0,30,30,187.2,6.62,2.16,0.82,0.304,0.746,0.477,0.098,3.4,3.67,3.63,2.3,4424,0
2013,Kyle Lohse,Brewers,NL,11,10,0,32,32,198.2,5.66,1.63,1.18,0.276,0.791,0.402,0.108,3.35,4.08,4.03,2.3,739,0
2014,Kyle Lohse,Brewers,NL,13,9,0,31,31,198.1,6.4,2.04,1,0.268,0.726,0.401,0.089,3.54,3.95,4.05,2.3,739,0
2014,Mike Leake,Reds,NL,11,13,0,33,33,214.1,6.89,2.1,0.97,0.298,0.755,0.534,0.131,3.7,3.88,3.49,2.3,10130,0
2015,Michael Wacha,Cardinals,NL,17,7,0,30,30,181.1,7.59,2.88,0.94,0.272,0.762,0.458,0.112,3.37,3.87,3.88,2.3,14078,0
2010,Jonathan Sanchez,Giants,NL,13,9,0,33,33,193,9.51,4.48,0.98,0.252,0.794,0.415,0.098,3.08,4,3.94,2.3,7507,0
2007,Doug Davis,Diamondbacks,NL,13,12,0,33,33,192.2,6.73,4.44,0.98,0.318,0.749,0.47,0.103,4.25,4.72,4.62,2.2,1244,0
2011,Chad Billingsley,Dodgers,NL,11,11,0,32,32,188,7.28,4.02,0.67,0.306,0.699,0.453,0.073,4.21,3.83,4.14,2.2,5842,0
2007,Dave Bush,Brewers,NL,10,10,0,31,31,183.1,6.53,2.06,1.33,0.321,0.686,0.428,0.118,5.2,4.57,4.22,2.2,4635,0
2009,Joe Blanton,Phillies,NL,12,8,0,31,31,195.1,7.51,2.72,1.38,0.291,0.789,0.406,0.129,4.05,4.45,4.02,2.2,4849,0
2010,Derek Lowe,Braves,NL,16,12,0,33,33,193.2,6.32,2.83,0.84,0.307,0.742,0.588,0.131,4,3.89,3.54,2.2,199,0
2015,Andrew Cashner,Padres,NL,6,16,0,31,31,184.2,8.04,3.22,0.93,0.33,0.656,0.474,0.115,4.34,3.85,3.84,2.2,8782,0
2011,Randy Wolf,Brewers,NL,13,10,0,33,33,212.1,5.68,2.8,0.97,0.286,0.759,0.374,0.086,3.69,4.29,4.46,2.2,976,0
2012,Ricky Nolasco,Marlins,NL,12,13,0,31,31,191,5.89,2.21,0.85,0.309,0.693,0.466,0.091,4.48,3.87,4.17,2.2,3830,0
2013,Yovani Gallardo,Brewers,NL,12,10,0,31,31,180.2,7.17,3.29,0.9,0.299,0.702,0.492,0.119,4.18,3.89,3.74,2.2,8173,0
2012,Jake Westbrook,Cardinals,NL,13,11,0,28,28,174.2,5.46,2.68,0.62,0.312,0.709,0.581,0.1,3.97,3.8,3.92,2.1,412,0
2012,Edwin Jackson,Nationals,NL,10,11,0,31,31,189.2,7.97,2.75,1.09,0.278,0.712,0.473,0.117,4.03,3.85,3.79,2.1,1841,0
2009,Barry Zito,Giants,NL,10,13,0,33,33,192,7.22,3.8,0.98,0.285,0.75,0.379,0.095,4.03,4.31,4.4,2.1,944,0
2008,Brett Myers,Phillies,NL,10,13,0,30,30,190,7.72,3.08,1.37,0.303,0.726,0.471,0.157,4.55,4.52,3.82,2.1,962,0
2010,Tim Hudson,Braves,NL,17,9,0,34,34,228.2,5.47,2.91,0.79,0.249,0.812,0.641,0.131,2.83,4.09,3.77,2.1,921,0
2009,Jon Garland,- - -,NL,11,13,0,33,33,204,4.81,2.69,1.01,0.296,0.716,0.457,0.095,4.01,4.48,4.56,2.1,232,0
2011,Derek Lowe,Braves,NL,9,17,0,34,34,187,6.59,3.37,0.67,0.327,0.659,0.59,0.102,5.05,3.7,3.65,2.1,199,0
2014,Henderson Alvarez,Marlins,NL,12,7,0,30,30,187,5.34,1.59,0.67,0.304,0.793,0.538,0.095,2.65,3.58,3.57,2.1,5669,0
2012,Tim Hudson,Braves,NL,16,7,0,28,28,179,5.13,2.41,0.6,0.27,0.711,0.555,0.083,3.62,3.78,4.1,2.1,921,0
2011,Jhoulys Chacin,Rockies,NL,11,14,0,31,31,194,6.96,4.04,0.93,0.261,0.745,0.563,0.122,3.62,4.23,3.95,2,2608,0
2015,Jimmy Nelson,Brewers,NL,11,13,0,30,30,177.1,7.51,3.3,0.91,0.285,0.704,0.506,0.118,4.11,4.1,4.06,2,10547,0
2011,Ryan Vogelsong,Giants,NL,13,7,0,28,28,175,6.99,3.14,0.77,0.281,0.801,0.454,0.085,2.78,3.72,3.87,2,1011,0
2014,Tim Hudson,Giants,NL,9,13,0,31,31,189.1,5.7,1.62,0.71,0.3,0.703,0.531,0.093,3.57,3.54,3.57,2,921,0
2011,Bud Norris,Astros,NL,6,11,0,31,31,186,8.52,3.39,1.16,0.294,0.728,0.397,0.117,3.77,4.02,3.73,2,9492,0
2017,Dan Straily,Marlins,NL,10,9,0,33,33,181.2,8.42,2.97,1.54,0.288,0.764,0.342,0.13,4.26,4.58,4.7,2,9460,0
2012,Aaron Harang,Dodgers,NL,10,10,0,31,31,179.2,6.56,4.26,0.7,0.277,0.723,0.386,0.063,3.61,4.14,4.95,2,1451,0
2008,Zach Duke,Pirates,NL,5,14,0,31,31,185,4.23,2.29,0.92,0.315,0.672,0.482,0.093,4.82,4.4,4.52,2,3840,0
2013,Mike Leake,Reds,NL,14,7,0,31,31,192.1,5.71,2.25,0.98,0.285,0.777,0.487,0.115,3.37,4.04,3.91,2,10130,0
2014,Yovani Gallardo,Brewers,NL,8,11,0,32,32,192.1,6.83,2.53,0.98,0.294,0.747,0.508,0.121,3.51,3.94,3.64,2,8173,0
2007,Jamie Moyer,Phillies,NL,14,12,0,33,33,199.1,6.01,2.98,1.35,0.303,0.697,0.394,0.118,5.01,4.93,4.58,2,1091,0
2008,Todd Wellemeyer,Cardinals,NL,13,9,0,32,32,191.2,6.29,2.91,1.17,0.264,0.769,0.393,0.106,3.71,4.51,4.44,2,1709,0
2017,Ivan Nova,Pirates,NL,11,14,0,31,31,187,6.3,1.73,1.4,0.299,0.73,0.457,0.158,4.14,4.46,4.19,2,1994,0
2011,Ted Lilly,Dodgers,NL,12,14,0,33,33,192.2,7.38,2.38,1.31,0.26,0.747,0.336,0.106,3.97,4.21,4.03,2,833,0
2013,Kyle Kendrick,Phillies,NL,10,13,0,30,30,182,5.44,2.32,0.89,0.306,0.666,0.494,0.095,4.7,4.01,4.15,2,6230,0
2009,Bronson Arroyo,Reds,NL,15,13,0,33,33,220.1,5.19,2.66,1.27,0.265,0.765,0.448,0.119,3.84,4.78,4.5,2,978,0
2014,Josh Collmenter,Diamondbacks,NL,10,9,0,28,28,170.1,5.81,1.85,0.9,0.267,0.711,0.383,0.082,3.54,3.83,4.04,2,7312,0
2013,Edwin Jackson,Cubs,NL,8,18,0,31,31,175.1,6.93,3.03,0.82,0.322,0.633,0.513,0.099,4.98,3.79,3.86,2,1841,0
2012,Paul Maholm,- - -,NL,13,11,0,31,31,188,6.7,2.54,0.96,0.28,0.755,0.512,0.129,3.69,4.01,3.84,2,8678,0
2011,Chris Capuano,Mets,NL,11,12,0,31,31,185,8.17,2.53,1.31,0.309,0.719,0.426,0.12,4.52,4.03,3.66,1.9,1701,0
2010,Ian Kennedy,Diamondbacks,NL,9,10,0,32,32,194,7.79,3.25,1.21,0.256,0.755,0.371,0.108,3.8,4.33,4.1,1.9,6986,0
2013,Dillon Gee,Mets,NL,12,11,0,32,32,199,6.42,2.13,1.09,0.296,0.779,0.426,0.101,3.62,4,4.07,1.9,7396,0
2014,Wily Peralta,Brewers,NL,17,11,0,32,32,198.2,6.98,2.76,1.04,0.295,0.761,0.536,0.139,3.53,4.11,3.64,1.8,7738,0
2011,Charlie Morton,Pirates,NL,10,10,0,29,29,171.2,5.77,4.04,0.31,0.32,0.725,0.585,0.058,3.83,3.77,4.08,1.8,4676,0
2010,Joe Blanton,Phillies,NL,9,6,0,28,28,174.2,6.9,2.16,1.34,0.318,0.689,0.421,0.119,4.74,4.25,3.85,1.8,4849,0
2011,Livan Hernandez,Nationals,NL,8,13,0,29,29,175.1,5.08,2.36,0.82,0.313,0.668,0.424,0.076,4.47,3.96,4.28,1.8,1116,0
2010,Barry Zito,Giants,NL,9,13,0,33,33,198.1,6.81,3.77,0.91,0.277,0.72,0.361,0.075,4.13,4.24,4.56,1.8,944,0
2013,Wade Miley,Diamondbacks,NL,10,10,0,33,33,202.2,6.53,2.93,0.93,0.296,0.758,0.52,0.125,3.55,3.98,3.77,1.8,8779,0
2007,Paul Maholm,Pirates,NL,10,15,0,29,29,177.2,5.32,2.48,1.11,0.312,0.653,0.533,0.127,5.02,4.6,4.21,1.8,8678,0
2011,Wandy Rodriguez,Astros,NL,11,11,0,30,30,191,7.82,3.25,1.18,0.289,0.792,0.452,0.13,3.49,4.15,3.72,1.8,2586,0
2013,Tim Lincecum,Giants,NL,10,14,0,32,32,197.2,8.79,3.46,0.96,0.3,0.694,0.453,0.121,4.37,3.74,3.56,1.8,5705,0
2010,Jon Niese,Mets,NL,9,10,0,30,30,173.2,7.67,3.21,1.04,0.324,0.706,0.477,0.118,4.2,4.1,3.8,1.7,4424,0
2010,Bronson Arroyo,Reds,NL,17,10,0,33,33,215.2,5.05,2.46,1.21,0.239,0.744,0.434,0.105,3.88,4.61,4.42,1.7,978,0
2008,Braden Looper,Cardinals,NL,12,14,0,33,33,199,4.88,2.04,1.13,0.292,0.722,0.484,0.117,4.16,4.52,4.3,1.7,526,0
2008,Oliver Perez,Mets,NL,10,7,0,34,34,194,8.35,4.87,1.11,0.271,0.734,0.32,0.098,4.22,4.68,4.74,1.7,1514,0
2009,Mike Pelfrey,Mets,NL,10,12,0,31,31,184.1,5.22,3.22,0.88,0.312,0.667,0.513,0.095,5.03,4.39,4.47,1.7,5203,0
2011,Brett Myers,Astros,NL,7,14,0,33,33,214,6.6,2.4,1.26,0.293,0.7,0.479,0.13,4.46,4.24,3.76,1.7,962,0
2015,Brett Anderson,Dodgers,NL,10,9,0,31,31,180.1,5.79,2.3,0.9,0.31,0.738,0.663,0.17,3.69,3.94,3.51,1.6,8223,0
2009,Livan Hernandez,- - -,NL,9,12,0,31,31,183.2,5,3.28,0.93,0.326,0.673,0.406,0.084,5.44,4.44,4.72,1.6,1116,0
2015,Mike Leake,- - -,NL,11,10,0,30,30,192,5.58,2.3,1.03,0.26,0.748,0.518,0.138,3.7,4.2,3.93,1.6,10130,0
2014,Tom Koehler,Marlins,NL,10,10,0,32,32,191.1,7.2,3.34,0.75,0.29,0.735,0.431,0.074,3.81,3.84,4.15,1.6,6570,0
2017,R.A. Dickey,Braves,NL,10,10,0,31,31,190,6.44,3.17,1.23,0.29,0.732,0.469,0.132,4.26,4.72,4.79,1.6,1245,0
2014,Wade Miley,Diamondbacks,NL,8,12,0,33,33,201.1,8.18,3.35,1.03,0.317,0.721,0.511,0.139,4.34,3.98,3.5,1.6,8779,0
2009,Johnny Cueto,Reds,NL,11,11,0,30,30,171.1,6.93,3.2,1.26,0.291,0.736,0.416,0.112,4.41,4.69,4.51,1.6,6893,0
2007,Barry Zito,Giants,NL,11,13,0,33,33,195.2,6.03,3.82,1.1,0.261,0.697,0.392,0.096,4.55,4.83,4.83,1.6,944,0
2014,Jorge De La Rosa,Rockies,NL,14,11,0,32,32,184.1,6.79,3.27,1.03,0.263,0.708,0.516,0.129,4.1,4.34,3.95,1.6,2047,0
2014,A.J. Burnett,Phillies,NL,8,18,0,34,34,213.2,8,4.04,0.84,0.302,0.675,0.509,0.113,4.59,4.14,3.95,1.6,512,0
2010,Paul Maholm,Pirates,NL,9,15,0,32,32,185.1,4.95,3.01,0.73,0.327,0.648,0.509,0.077,5.1,4.18,4.41,1.5,8678,0
2012,Mark Buehrle,Marlins,NL,13,13,0,31,31,202.1,5.56,1.78,1.16,0.27,0.748,0.413,0.114,3.74,4.18,4.17,1.5,225,0
2008,Aaron Harang,Reds,NL,6,17,0,29,29,180.1,7.19,2.45,1.75,0.307,0.732,0.34,0.139,4.89,4.91,4.22,1.5,1451,0
2012,Edinson Volquez,Padres,NL,11,11,0,32,32,182.2,8.57,5.17,0.69,0.292,0.731,0.506,0.099,4.14,4.06,4.2,1.5,3990,0
2013,Matt Cain,Giants,NL,8,10,0,30,30,184.1,7.71,2.69,1.12,0.26,0.716,0.377,0.108,4,3.93,3.88,1.5,4732,0
2007,Tom Glavine,Mets,NL,13,8,0,34,34,200.1,4,2.88,1.03,0.29,0.726,0.418,0.091,4.45,4.86,4.95,1.5,90,0
2008,Johnny Cueto,Reds,NL,9,14,0,31,31,174,8.17,3.52,1.5,0.298,0.725,0.386,0.139,4.81,4.9,4.31,1.5,6893,0
2011,Tim Stauffer,Padres,NL,9,12,0,31,31,185.2,6.2,2.57,0.97,0.282,0.751,0.518,0.125,3.73,4.03,3.71,1.5,6432,0
2007,Jason Marquis,Cubs,NL,12,9,0,33,33,191,5.04,3.53,1.04,0.264,0.685,0.495,0.106,4.43,4.98,4.85,1.4,105,0
2013,Wily Peralta,Brewers,NL,11,15,0,32,32,183.1,6.33,3.58,0.93,0.293,0.666,0.51,0.119,4.37,4.3,4.13,1.4,7738,0
2014,Dan Haren,Dodgers,NL,13,11,0,32,32,186,7.02,1.74,1.31,0.276,0.657,0.415,0.119,4.02,4.09,3.7,1.4,1757,0
2015,Chris Heston,Giants,NL,12,11,0,31,31,177.2,7.14,3.24,0.81,0.299,0.734,0.53,0.118,3.95,4.02,3.98,1.4,10302,0
2012,Mike Leake,Reds,NL,8,9,0,30,30,179,5.83,2.06,1.31,0.306,0.71,0.489,0.167,4.58,4.42,3.82,1.4,10130,0
2014,Ryan Vogelsong,Giants,NL,8,13,0,32,32,184.2,7.36,2.83,0.88,0.294,0.723,0.384,0.088,4,3.85,3.96,1.4,1011,0
2009,John Lannan,Nationals,NL,9,13,0,33,33,206.1,3.88,2.97,0.96,0.272,0.727,0.519,0.105,3.88,4.7,4.64,1.4,7080,0
2009,Doug Davis,Diamondbacks,NL,9,14,0,34,34,203.1,6.46,4.56,1.11,0.291,0.76,0.431,0.117,4.12,4.84,4.62,1.4,1244,0
2017,Lance Lynn,Cardinals,NL,11,8,0,33,33,186.1,7.39,3.77,1.3,0.244,0.79,0.44,0.142,3.43,4.82,4.75,1.4,2520,0
2008,John Lannan,Nationals,NL,9,15,0,31,31,182,5.79,3.56,1.14,0.266,0.74,0.542,0.152,3.91,4.79,4.24,1.4,7080,0
2007,Braden Looper,Cardinals,NL,12,12,0,30,30,174.2,4.48,2.63,1.13,0.275,0.668,0.42,0.102,4.9,4.83,4.74,1.3,526,0
2008,Barry Zito,Giants,NL,10,17,0,32,32,180,6,5.1,0.8,0.295,0.657,0.364,0.068,5.15,4.72,5.29,1.3,944,0
2012,James McDonald,Pirates,NL,12,8,0,29,29,171,7.95,3.58,1.05,0.268,0.713,0.394,0.108,4.05,4.09,4.17,1.3,5523,0
2014,Alfredo Simon,Reds,NL,15,10,0,32,32,196.1,5.82,2.57,1.01,0.265,0.775,0.482,0.118,3.44,4.33,4.05,1.3,2155,0
2011,John Lannan,Nationals,NL,10,13,0,33,33,184.2,5.17,3.7,0.73,0.296,0.731,0.541,0.101,3.7,4.28,4.24,1.2,7080,0
2009,Ross Ohlendorf,Pirates,NL,11,10,0,29,29,176.2,5.55,2.7,1.27,0.264,0.763,0.406,0.111,3.92,4.72,4.56,1.2,8268,0
2008,Dave Bush,Brewers,NL,9,10,0,29,29,181,5.32,2.34,1.44,0.239,0.712,0.405,0.121,4.28,4.98,4.64,1.2,4635,0
2011,Aaron Harang,Padres,NL,14,7,0,28,28,170.2,6.54,3.06,1.05,0.302,0.784,0.406,0.094,3.64,4.17,4.21,1.2,1451,0
2012,Mike Minor,Braves,NL,11,10,0,30,30,179.1,7.28,2.81,1.3,0.252,0.706,0.354,0.117,4.12,4.38,4.32,1.2,10021,0
2013,Bronson Arroyo,Reds,NL,14,12,0,32,32,202,5.52,1.51,1.43,0.267,0.779,0.444,0.14,3.79,4.49,3.97,1.2,978,0
2008,Tim Redding,Nationals,NL,10,11,0,33,33,182,5.93,3.21,1.34,0.294,0.685,0.398,0.113,4.95,4.93,4.72,1.2,573,0
2010,Chris Volstad,Marlins,NL,12,9,0,30,30,175,5.25,3.09,0.87,0.298,0.696,0.479,0.088,4.58,4.34,4.43,1.1,9901,0
2016,Dan Straily,Reds,NL,14,8,0,31,31,183,7.57,3.39,1.48,0.244,0.813,0.325,0.121,3.79,4.87,5,1.1,9460,0
2016,Tom Koehler,Marlins,NL,9,13,0,33,33,176.2,7.49,4.23,1.12,0.298,0.733,0.422,0.121,4.33,4.6,4.69,1.1,6570,0
2015,Julio Teheran,Braves,NL,11,8,0,33,33,200.2,7.67,3.27,1.21,0.288,0.738,0.395,0.13,4.04,4.4,4.19,1.1,6797,0
2010,Jon Garland,Padres,NL,14,12,0,33,33,200,6.12,3.92,0.9,0.265,0.759,0.519,0.11,3.47,4.41,4.22,1.1,232,0
2017,Julio Teheran,Braves,NL,11,13,0,32,32,188.1,7.22,3.44,1.48,0.281,0.731,0.4,0.137,4.49,4.95,4.96,1.1,6797,0
2014,Travis Wood,Cubs,NL,8,13,0,31,31,173.2,7.57,3.94,1.04,0.32,0.665,0.344,0.088,5.03,4.38,4.51,1.1,9884,0
2015,James Shields,Padres,NL,13,7,0,33,33,202.1,9.61,3.6,1.47,0.299,0.799,0.449,0.176,3.91,4.45,3.7,1,7059,0
2008,Scott Olsen,Marlins,NL,8,11,0,33,33,201.2,5.04,3.08,1.34,0.258,0.716,0.374,0.109,4.2,5.02,4.89,1,4529,0
2012,Tim Lincecum,Giants,NL,10,15,0,33,33,186,9.19,4.35,1.11,0.309,0.678,0.459,0.146,5.18,4.18,3.81,1,5705,0
2011,Jake Westbrook,Cardinals,NL,12,9,0,33,33,183.1,5.11,3.58,0.79,0.313,0.691,0.593,0.114,4.66,4.25,4.08,0.9,412,0
2015,Dan Haren,- - -,NL,11,9,0,32,32,187.1,6.34,1.83,1.49,0.256,0.798,0.306,0.11,3.6,4.61,4.69,0.9,1757,0
2017,Matt Moore,Giants,NL,6,15,0,31,31,172.1,7.68,3.5,1.41,0.321,0.668,0.374,0.117,5.59,4.78,5.12,0.9,1890,0
2015,Aaron Harang,Phillies,NL,6,15,0,29,29,172.1,5.64,2.66,1.36,0.293,0.697,0.361,0.105,4.86,4.83,4.99,0.9,1451,0
2011,Mike Pelfrey,Mets,NL,7,13,0,33,33,193.1,4.89,3.03,0.98,0.299,0.691,0.457,0.092,4.7,4.47,4.54,0.9,5203,0
2014,Edinson Volquez,Pirates,NL,13,7,0,31,31,190.2,6.51,3.35,0.8,0.263,0.774,0.503,0.092,3.07,4.18,4.22,0.9,3990,0
2007,Dontrelle Willis,Marlins,NL,10,15,0,35,35,205.1,6.4,3.81,1.27,0.318,0.7,0.464,0.134,5.17,5.13,4.62,0.9,1703,0
2012,Barry Zito,Giants,NL,15,8,0,32,32,184.1,5.57,3.42,0.98,0.281,0.73,0.404,0.087,4.15,4.49,4.92,0.9,944,0
2014,Kyle Kendrick,Phillies,NL,10,13,0,32,32,199,5.47,2.58,1.13,0.29,0.705,0.446,0.11,4.61,4.57,4.35,0.9,6230,0
2015,Jon Niese,Mets,NL,9,10,0,29,29,173,5.83,2.81,1.04,0.296,0.71,0.545,0.145,4.16,4.43,4.11,0.9,4424,0
2010,Randy Wolf,Brewers,NL,13,12,0,34,34,215.2,5.93,3.63,1.21,0.275,0.753,0.394,0.102,4.17,4.85,4.71,0.8,976,0
2007,Woody Williams,Astros,NL,8,15,0,31,31,186.2,4.87,2.56,1.64,0.283,0.73,0.393,0.12,5.06,5.57,5.11,0.7,1190,0
2012,Tommy Hanson,Braves,NL,13,10,0,31,31,174.2,8.3,3.66,1.39,0.314,0.741,0.398,0.135,4.48,4.57,4.24,0.7,9129,0
2016,Jimmy Nelson,Brewers,NL,8,16,0,32,32,179.1,7.03,4.32,1.25,0.299,0.713,0.494,0.145,4.62,5.12,4.91,0.6,10547,0
2013,Ian Kennedy,- - -,NL,7,10,0,31,31,181.1,8.09,3.62,1.34,0.295,0.691,0.382,0.132,4.91,4.59,4.19,0.6,6986,0
2014,Shelby Miller,Cardinals,NL,10,9,0,31,31,182,6.28,3.56,1.09,0.254,0.765,0.399,0.1,3.76,4.53,4.46,0.6,10197,0
2011,Joe Saunders,Diamondbacks,NL,12,13,0,33,33,212,4.58,2.84,1.23,0.271,0.777,0.445,0.124,3.69,4.78,4.38,0.5,4366,0
2007,Scott Olsen,Marlins,NL,10,15,0,33,33,176.2,6.78,4.33,1.48,0.341,0.656,0.376,0.128,5.81,5.33,4.81,0.5,4529,0
2015,Tom Koehler,Marlins,NL,11,14,0,31,31,184.1,6.49,3.76,1.07,0.283,0.717,0.462,0.111,4.15,4.59,4.64,0.5,6570,0
2015,Rubby de la Rosa,Diamondbacks,NL,14,9,0,32,32,188.2,7.16,3.01,1.53,0.288,0.73,0.491,0.168,4.67,4.81,4.1,0.5,3862,0
2010,Kyle Kendrick,Phillies,NL,11,10,0,31,31,177.2,4.15,2.43,1.32,0.284,0.684,0.443,0.11,4.81,4.92,4.64,0.4,6230,0
2016,Brandon Finnegan,Reds,NL,10,11,0,31,31,172,7.59,4.4,1.52,0.256,0.77,0.381,0.149,3.98,5.19,4.87,0.4,16208,0
2012,Clayton Richard,Padres,NL,14,14,0,33,33,218.2,4.4,1.73,1.28,0.272,0.714,0.538,0.15,3.99,4.62,4.16,0.4,3551,0
2011,James McDonald,Pirates,NL,9,9,0,31,31,171,7.47,4.11,1.26,0.302,0.77,0.389,0.11,4.21,4.68,4.46,0.4,5523,0
2007,Livan Hernandez,Diamondbacks,NL,11,11,0,33,33,204.1,3.96,3.48,1.5,0.303,0.76,0.385,0.118,4.93,5.77,5.37,0.2,1116,0
2010,Dave Bush,Brewers,NL,8,13,0,31,31,174,5.48,3.36,1.45,0.295,0.698,0.395,0.113,4.55,5.14,4.79,0.1,4635,0
2010,Rodrigo Lopez,Diamondbacks,NL,7,16,0,33,33,200,5.22,2.52,1.67,0.287,0.683,0.376,0.133,5,5.21,4.5,0.1,150,0
2014,Eric Stults,Padres,NL,8,17,0,32,32,176,5.68,2.3,1.33,0.296,0.73,0.433,0.125,4.3,4.63,4.17,0,8011,0
2008,Jeff Suppan,Brewers,NL,10,10,0,31,31,177.2,4.56,3.39,1.52,0.301,0.712,0.444,0.157,4.96,5.51,4.73,0,633,0
2009,Braden Looper,Brewers,NL,14,7,0,34,34,194.2,4.62,2.96,1.8,0.284,0.716,0.464,0.158,5.22,5.74,4.8,-0.5,526,0
2011,Bronson Arroyo,Reds,NL,9,12,0,32,32,199,4.88,2.04,2.08,0.278,0.744,0.387,0.159,5.07,5.71,4.54,-1.1,978,0
