Season,Name,Team,W,L,G,GS,IP,K/9,BB/9,HR/9,BABIP,LOB%,GB%,HR/FB,ERA,FIP,xFIP,WAR,y
2015,Clayton Kershaw,Dodgers,16,7,33,33,232.2,11.64,1.62,0.58,0.281,0.783,0.5,0.101,2.13,1.99,2.09,8.5,0
2011,Roy Halladay,Phillies,19,6,32,32,233.2,8.47,1.35,0.39,0.298,0.781,0.509,0.051,2.35,2.2,2.71,8.3,0
2009,Tim Lincecum,Giants,15,7,32,32,225.1,10.42,2.72,0.4,0.282,0.759,0.475,0.055,2.48,2.34,2.83,7.7,1
2014,Clayton Kershaw,Dodgers,21,3,27,27,198.1,10.85,1.41,0.41,0.278,0.816,0.518,0.066,1.77,1.81,2.08,7.6,1
2015,Jake Arrieta,Cubs,22,6,33,33,229,9.28,1.89,0.39,0.246,0.8,0.562,0.078,1.77,2.35,2.61,7.3,1
2008,Tim Lincecum,Giants,17,5,33,33,223,10.53,3.23,0.44,0.303,0.776,0.438,0.057,2.62,2.59,3.08,7.1,1
2011,Clayton Kershaw,Dodgers,21,5,33,33,233.1,9.57,2.08,0.58,0.269,0.786,0.432,0.067,2.28,2.47,2.84,7.1,1
2013,Clayton Kershaw,Dodgers,16,9,33,33,236,8.85,1.98,0.42,0.251,0.806,0.46,0.058,1.83,2.39,2.88,7.1,1
2011,Cliff Lee,Phillies,17,8,32,32,232.2,9.21,1.62,0.7,0.291,0.814,0.463,0.09,2.4,2.6,2.68,6.8,0
2007,Jake Peavy,Padres,19,6,34,34,223.1,9.67,2.74,0.52,0.273,0.783,0.44,0.058,2.54,2.84,3.34,6.7,1
2013,Adam Wainwright,Cardinals,19,9,34,34,241.2,8.16,1.3,0.56,0.305,0.745,0.491,0.081,2.94,2.55,2.8,6.6,0
2013,Matt Harvey,Mets,9,5,26,26,178.1,9.64,1.56,0.35,0.28,0.774,0.477,0.047,2.27,2,2.63,6.5,0
2009,Javier Vazquez,Braves,15,10,32,32,219.1,9.77,1.81,0.82,0.283,0.766,0.417,0.101,2.87,2.77,2.77,6.5,0
2015,Max Scherzer,Nationals,14,12,33,33,228.2,10.86,1.34,1.06,0.268,0.796,0.358,0.105,2.79,2.77,2.88,6.4,0
2016,Noah Syndergaard,Mets,14,9,30,30,182.2,10.64,2.12,0.54,0.335,0.769,0.512,0.087,2.61,2.3,2.68,6.3,0
2007,Brandon Webb,Diamondbacks,18,10,34,34,236.1,7.39,2.74,0.46,0.285,0.724,0.618,0.088,3.01,3.24,3.3,6.2,0
2016,Jose Fernandez,Marlins,16,8,29,29,182.1,12.49,2.71,0.64,0.332,0.766,0.402,0.1,2.86,2.3,2.56,6.2,0
2008,Dan Haren,Diamondbacks,16,8,33,33,216,8.58,1.67,0.79,0.303,0.734,0.442,0.089,3.33,3.01,3.16,6.2,0
2017,Max Scherzer,Nationals,16,6,31,31,200.2,12.02,2.47,0.99,0.245,0.807,0.365,0.108,2.51,2.9,3.28,6.1,1
2010,Roy Halladay,Phillies,21,10,33,33,250.2,7.86,1.08,0.86,0.29,0.827,0.512,0.113,2.44,3.01,2.8,6.1,1
2010,Josh Johnson,Marlins,11,6,28,28,183.2,9.11,2.35,0.34,0.297,0.792,0.457,0.042,2.3,2.41,3.02,5.9,0
2010,Ubaldo Jimenez,Rockies,19,8,33,33,221.2,8.69,3.74,0.41,0.271,0.765,0.488,0.051,2.88,3.1,3.6,5.9,0
2012,Clayton Kershaw,Dodgers,14,9,33,33,227.2,9.05,2.49,0.63,0.262,0.779,0.469,0.081,2.53,2.89,3.25,5.9,0
2015,Zack Greinke,Dodgers,19,3,32,32,222.2,8.08,1.62,0.57,0.229,0.865,0.48,0.073,1.66,2.76,3.22,5.8,0
2016,Max Scherzer,Nationals,20,7,34,34,228.1,11.19,2.21,1.22,0.255,0.817,0.33,0.119,2.96,3.24,3.37,5.7,1
2009,Adam Wainwright,Cardinals,19,8,34,34,233,8.19,2.55,0.66,0.296,0.804,0.507,0.083,2.63,3.11,3.32,5.7,0
2017,Stephen Strasburg,Nationals,15,4,28,28,175.1,10.47,2.41,0.67,0.274,0.779,0.468,0.087,2.52,2.72,3.27,5.7,0
2010,Adam Wainwright,Cardinals,20,11,33,33,230.1,8.32,2.19,0.59,0.275,0.791,0.516,0.079,2.42,2.86,3.02,5.6,0
2009,Dan Haren,Diamondbacks,14,10,33,33,229.1,8.75,1.49,1.06,0.267,0.77,0.429,0.117,3.14,3.23,3.02,5.6,0
2015,Gerrit Cole,Pirates,19,8,32,32,208,8.74,1.9,0.48,0.304,0.749,0.48,0.065,2.6,2.66,3.16,5.5,0
2008,Brandon Webb,Diamondbacks,22,7,34,34,226.2,7.27,2.58,0.52,0.288,0.71,0.644,0.096,3.3,3.28,3.33,5.5,0
2013,Cliff Lee,Phillies,14,8,31,31,222.2,8.97,1.29,0.89,0.287,0.767,0.443,0.109,2.87,2.82,2.78,5.5,0
2007,John Smoltz,Braves,14,8,32,32,205.2,8.62,2.06,0.79,0.303,0.762,0.447,0.087,3.11,3.21,3.33,5.5,0
2009,Chris Carpenter,Cardinals,17,4,28,28,192.2,6.73,1.78,0.33,0.269,0.795,0.55,0.046,2.24,2.78,3.34,5.5,0
2009,Josh Johnson,Marlins,15,5,33,33,209,8.22,2.5,0.6,0.29,0.749,0.503,0.075,3.23,3.06,3.36,5.5,0
2016,Johnny Cueto,Giants,18,5,32,32,219.2,8.11,1.84,0.61,0.293,0.78,0.502,0.084,2.79,2.96,3.42,5.5,0
2007,Aaron Harang,Reds,16,6,34,34,231.2,8.47,2.02,1.09,0.288,0.74,0.403,0.102,3.73,3.71,3.62,5.4,0
2009,Ubaldo Jimenez,Rockies,15,12,33,33,218,8.17,3.51,0.54,0.28,0.735,0.525,0.078,3.47,3.36,3.59,5.3,0
2014,Jordan Zimmermann,Nationals,14,5,32,32,199.2,8.2,1.31,0.59,0.302,0.758,0.401,0.064,2.66,2.68,3.1,5.3,0
2008,Johan Santana,Mets,16,7,34,34,234.1,7.91,2.42,0.88,0.274,0.826,0.412,0.094,2.53,3.51,3.61,5.3,0
2015,Madison Bumgarner,Giants,18,9,32,32,218.1,9.65,1.61,0.87,0.282,0.779,0.417,0.102,2.93,2.87,3.02,5.2,0
2015,Jacob deGrom,Mets,14,8,30,30,191,9.66,1.79,0.75,0.271,0.78,0.444,0.095,2.54,2.7,2.92,5.2,0
2012,R.A. Dickey,Mets,20,6,33,33,232.2,8.9,2.09,0.89,0.276,0.802,0.46,0.109,2.67,3.22,3.26,5.1,1
2017,Zack Greinke,Diamondbacks,17,7,32,32,202.1,9.56,2,1.11,0.285,0.753,0.468,0.134,3.2,3.31,3.34,5.1,0
2012,Cliff Lee,Phillies,6,9,30,30,211,8.83,1.19,1.11,0.309,0.786,0.45,0.118,3.16,3.13,3.06,5,0
2011,Matt Cain,Giants,12,11,33,33,221.2,7.27,2.56,0.37,0.26,0.706,0.417,0.037,2.88,2.91,3.78,5,0
2015,Jon Lester,Cubs,11,12,32,32,205,9.09,2.06,0.7,0.303,0.718,0.489,0.099,3.34,2.92,3.06,5,0
2012,Gio Gonzalez,Nationals,21,8,32,32,199.1,9.35,3.43,0.41,0.267,0.741,0.482,0.058,2.89,2.82,3.38,5,0
2011,Cole Hamels,Phillies,14,9,31,31,213,8.15,1.86,0.76,0.254,0.784,0.519,0.095,2.75,3,3.02,4.9,0
2007,Roy Oswalt,Astros,14,7,32,32,211.2,6.55,2.55,0.6,0.307,0.775,0.53,0.067,3.19,3.59,3.97,4.9,0
2011,Madison Bumgarner,Giants,13,13,33,33,204.2,8.4,2.02,0.53,0.322,0.724,0.46,0.062,3.21,2.67,3.1,4.9,0
2016,Madison Bumgarner,Giants,15,9,34,34,226.2,9.97,2.14,1.03,0.265,0.791,0.396,0.107,2.74,3.24,3.54,4.9,0
2014,Adam Wainwright,Cardinals,20,9,32,32,227,7.1,1.98,0.4,0.267,0.78,0.463,0.053,2.38,2.88,3.34,4.9,0
2007,Tim Hudson,Braves,16,10,34,34,224.1,5.3,2.13,0.4,0.292,0.728,0.62,0.065,3.33,3.46,3.74,4.9,0
2011,Matt Garza,Cubs,10,10,31,31,198,8.95,2.86,0.64,0.306,0.697,0.463,0.077,3.32,2.95,3.19,4.9,0
2017,Jimmy Nelson,Brewers,12,6,29,29,175.1,10.21,2.46,0.82,0.34,0.744,0.503,0.126,3.49,3.05,3.15,4.8,0
2008,Derek Lowe,Dodgers,14,11,34,34,211,6.27,1.92,0.6,0.28,0.708,0.603,0.095,3.24,3.26,3.32,4.8,0
2013,Mat Latos,Reds,14,7,32,32,210.2,7.99,2.48,0.6,0.299,0.746,0.451,0.069,3.16,3.1,3.56,4.8,0
2011,Chris Carpenter,Cardinals,11,9,34,34,237.1,7.24,2.09,0.61,0.312,0.732,0.466,0.075,3.45,3.06,3.31,4.8,0
2011,Ian Kennedy,Diamondbacks,21,4,33,33,222,8.03,2.23,0.77,0.27,0.792,0.386,0.077,2.88,3.22,3.5,4.8,0
2008,Cole Hamels,Phillies,14,10,33,33,227.1,7.76,2.1,1.11,0.259,0.76,0.395,0.112,3.09,3.72,3.58,4.8,0
2010,Clayton Kershaw,Dodgers,13,10,32,32,204.1,9.34,3.57,0.57,0.275,0.762,0.401,0.058,2.91,3.12,3.64,4.7,0
2008,Ben Sheets,Brewers,13,9,31,31,198.1,7.17,2.13,0.77,0.278,0.755,0.406,0.07,3.09,3.38,3.88,4.7,0
2012,Johnny Cueto,Reds,19,9,33,33,217,7.05,2.03,0.62,0.296,0.788,0.489,0.079,2.78,3.27,3.65,4.7,0
2008,Ryan Dempster,Cubs,17,6,33,33,206.2,8.14,3.31,0.61,0.28,0.767,0.481,0.077,2.96,3.41,3.69,4.7,0
2011,Daniel Hudson,Diamondbacks,16,12,33,33,222,6.85,2.03,0.69,0.295,0.705,0.417,0.064,3.49,3.28,3.79,4.6,0
2017,Clayton Kershaw,Dodgers,18,4,27,27,175,10.39,1.54,1.18,0.267,0.874,0.479,0.159,2.31,3.07,2.84,4.6,0
2009,Joel Pineiro,Cardinals,15,12,32,32,214,4.42,1.14,0.46,0.29,0.669,0.605,0.065,3.49,3.27,3.64,4.6,0
2014,Johnny Cueto,Reds,20,9,34,34,243.2,8.94,2.4,0.81,0.238,0.825,0.462,0.103,2.25,3.3,3.21,4.6,0
2012,Cole Hamels,Phillies,17,6,31,31,215.1,9.03,2.17,1,0.29,0.781,0.434,0.119,3.05,3.3,3.23,4.6,0
2010,Yovani Gallardo,Brewers,14,7,31,31,185,9.73,3.65,0.58,0.324,0.698,0.43,0.071,3.84,3.02,3.29,4.6,0
2013,Cole Hamels,Phillies,8,14,33,33,220,8.26,2.05,0.86,0.295,0.725,0.427,0.091,3.6,3.26,3.44,4.5,0
2014,Stephen Strasburg,Nationals,14,11,34,34,215,10.13,1.8,0.96,0.315,0.748,0.459,0.131,3.14,2.94,2.56,4.5,0
2016,Kyle Hendricks,Cubs,16,8,30,30,188,8.09,2.06,0.72,0.252,0.814,0.487,0.096,2.15,3.2,3.55,4.4,0
2007,Brad Penny,Dodgers,16,4,33,33,208,5.84,3.16,0.39,0.295,0.764,0.487,0.047,3.03,3.63,4.23,4.4,0
2008,Aaron Cook,Rockies,16,9,32,32,211.1,4.09,2.04,0.55,0.308,0.689,0.559,0.076,3.96,3.76,4.02,4.4,0
2008,Edinson Volquez,Reds,17,5,32,32,194.1,9.45,4.26,0.6,0.302,0.76,0.463,0.076,3.24,3.54,3.83,4.4,0
2010,Roy Oswalt,- - -,13,13,32,32,210.2,8.2,2.35,0.81,0.251,0.781,0.454,0.091,2.73,3.28,3.32,4.4,0
2015,Matt Harvey,Mets,13,8,29,29,189.1,8.94,1.76,0.86,0.272,0.787,0.46,0.098,2.71,3.05,3.24,4.4,0
2010,Mat Latos,Padres,14,10,31,31,184.2,9.21,2.44,0.78,0.273,0.774,0.447,0.08,2.92,3,3.21,4.3,0
2015,Tyson Ross,Padres,10,12,33,33,196,9.73,3.86,0.41,0.32,0.74,0.615,0.088,3.26,2.98,3.15,4.3,0
2016,Jon Lester,Cubs,19,5,32,32,202.2,8.75,2.31,0.93,0.256,0.849,0.469,0.122,2.44,3.41,3.47,4.3,0
2014,Zack Greinke,Dodgers,17,8,32,32,202.1,9.21,1.91,0.85,0.311,0.797,0.487,0.119,2.71,2.97,2.72,4.3,0
2010,Hiroki Kuroda,Dodgers,11,13,31,31,196.1,7.29,2.2,0.69,0.283,0.689,0.511,0.08,3.39,3.26,3.43,4.3,0
2012,Wade Miley,Diamondbacks,15,11,29,29,186,6.87,1.6,0.63,0.299,0.715,0.424,0.066,3.34,3.04,3.7,4.3,0
2017,Jacob deGrom,Mets,15,10,31,31,201.1,10.68,2.64,1.25,0.305,0.763,0.453,0.161,3.53,3.5,3.23,4.3,0
2014,Cole Hamels,Phillies,9,9,30,30,204.2,8.71,2.59,0.62,0.295,0.819,0.464,0.082,2.46,3.07,3.21,4.3,0
2010,Tim Lincecum,Giants,16,10,33,33,212.1,9.79,3.22,0.76,0.31,0.765,0.489,0.099,3.43,3.15,3.09,4.3,0
2008,Chad Billingsley,Dodgers,16,10,32,32,196.1,9.03,3.62,0.64,0.311,0.779,0.496,0.085,3.16,3.38,3.56,4.3,0
2007,Chris Young,Padres,9,8,30,30,173,8.69,3.75,0.52,0.241,0.716,0.291,0.041,3.12,3.43,4.44,4.3,0
2010,Chad Billingsley,Dodgers,12,11,31,31,191.2,8.03,3.24,0.38,0.301,0.71,0.496,0.045,3.57,3.07,3.67,4.2,0
2013,A.J. Burnett,Pirates,10,11,30,30,191,9.85,3.16,0.52,0.305,0.718,0.565,0.091,3.3,2.8,2.92,4.2,0
2012,Adam Wainwright,Cardinals,14,13,32,32,198.2,8.34,2.36,0.68,0.315,0.678,0.508,0.099,3.94,3.1,3.23,4.1,0
2009,Wandy Rodriguez,Astros,14,12,33,33,205.2,8.45,2.76,0.92,0.302,0.794,0.449,0.099,3.02,3.54,3.57,4.1,0
2013,Homer Bailey,Reds,11,12,32,32,209,8.57,2.33,0.86,0.284,0.737,0.461,0.102,3.49,3.31,3.34,4.1,0
2007,Matt Cain,Giants,7,16,32,32,200,7.34,3.56,0.63,0.278,0.729,0.394,0.055,3.65,3.78,4.47,4.1,0
2010,Tommy Hanson,Braves,10,11,34,34,202.2,7.68,2.49,0.62,0.286,0.714,0.418,0.058,3.33,3.31,3.87,4.1,0
2013,Jose Fernandez,Marlins,12,6,28,28,172.2,9.75,3.02,0.52,0.24,0.794,0.451,0.071,2.19,2.73,3.08,4.1,0
2009,Ricky Nolasco,Marlins,13,9,31,31,185,9.49,2.14,1.12,0.317,0.61,0.383,0.11,5.06,3.35,3.23,4.1,0
2009,Jair Jurrjens,Braves,14,10,34,34,215,6.36,3.14,0.63,0.268,0.794,0.429,0.061,2.6,3.68,4.28,4,0
2011,Tim Lincecum,Giants,13,14,33,33,217,9.12,3.57,0.62,0.281,0.785,0.479,0.08,2.74,3.17,3.36,4,0
2014,Madison Bumgarner,Giants,18,10,33,33,217.1,9.07,1.78,0.87,0.296,0.758,0.444,0.1,2.98,3.05,2.99,4,0
2010,Matt Cain,Giants,13,11,33,33,223.1,7.13,2.46,0.89,0.252,0.753,0.362,0.074,3.14,3.65,4,4,0
2007,Cole Hamels,Phillies,15,5,28,28,183.1,8.69,2.11,1.23,0.279,0.787,0.419,0.128,3.39,3.83,3.4,3.9,0
2010,Brett Myers,Astros,14,8,33,33,223.2,7.24,2.66,0.8,0.288,0.763,0.487,0.085,3.14,3.56,3.67,3.9,0
2011,Zack Greinke,Brewers,16,6,28,28,171.2,10.54,2.36,1,0.318,0.698,0.473,0.136,3.83,2.98,2.56,3.9,0
2010,Anibal Sanchez,Marlins,13,12,32,32,195,7.25,3.23,0.46,0.305,0.706,0.451,0.045,3.55,3.32,4.04,3.9,0
2008,Ricky Nolasco,Marlins,15,8,32,32,206.2,8.06,1.79,1.22,0.273,0.752,0.385,0.109,3.61,3.79,3.66,3.9,0
2007,Greg Maddux,Padres,14,11,34,34,198,4.73,1.14,0.64,0.304,0.689,0.515,0.071,4.14,3.58,3.9,3.9,0
2013,Jhoulys Chacin,Rockies,14,10,31,31,197.1,5.75,2.78,0.5,0.288,0.719,0.468,0.062,3.47,3.47,3.97,3.9,0
2009,Cole Hamels,Phillies,10,11,32,32,193.2,7.81,2,1.12,0.317,0.721,0.404,0.107,4.32,3.72,3.63,3.9,0
2013,Madison Bumgarner,Giants,13,9,31,31,201.1,8.9,2.77,0.67,0.251,0.757,0.468,0.082,2.77,3.05,3.32,3.8,0
2008,Ubaldo Jimenez,Rockies,12,12,34,34,198.2,7.79,4.67,0.5,0.299,0.708,0.544,0.069,3.99,3.83,4.16,3.8,0
2011,Mat Latos,Padres,9,14,31,31,194.1,8.57,2.87,0.74,0.284,0.714,0.428,0.073,3.47,3.16,3.52,3.8,0
2008,Jair Jurrjens,Braves,13,10,31,31,188.1,6.64,3.35,0.53,0.301,0.71,0.517,0.071,3.68,3.59,3.92,3.8,0
2016,Jake Arrieta,Cubs,18,8,31,31,197.1,8.67,3.47,0.73,0.241,0.749,0.526,0.111,3.1,3.52,3.68,3.8,0
2017,Jeff Samardzija,Giants,9,15,32,32,207.2,8.88,1.39,1.3,0.303,0.675,0.415,0.138,4.42,3.61,3.6,3.8,0
2007,Ted Lilly,Cubs,15,8,34,34,207,7.57,2.39,1.22,0.261,0.741,0.337,0.097,3.83,4.16,4.16,3.8,0
2012,Matt Cain,Giants,16,5,32,32,219.1,7.92,2.09,0.86,0.259,0.79,0.374,0.084,2.79,3.4,3.82,3.7,0
2008,Randy Johnson,Diamondbacks,11,10,30,30,184,8.46,2.15,1.17,0.301,0.709,0.402,0.108,3.91,3.76,3.66,3.7,0
2007,Jeff Francis,Rockies,17,9,34,34,215.1,6.9,2.63,1.04,0.316,0.747,0.444,0.1,4.22,4.19,4.13,3.7,0
2007,Adam Wainwright,Cardinals,14,12,32,32,202,6.06,3.12,0.58,0.304,0.726,0.482,0.058,3.7,3.9,4.45,3.7,0
2015,Francisco Liriano,Pirates,12,7,31,31,186.2,9.88,3.38,0.72,0.293,0.742,0.512,0.117,3.38,3.19,3.16,3.7,0
2015,Gio Gonzalez,Nationals,11,8,31,31,175.2,8.66,3.54,0.41,0.341,0.721,0.538,0.059,3.79,3.05,3.59,3.7,0
2008,Roy Oswalt,Astros,17,10,32,32,208.2,7.12,2.03,0.99,0.285,0.746,0.503,0.127,3.54,3.8,3.51,3.7,0
2013,Jordan Zimmermann,Nationals,19,9,32,32,213.1,6.79,1.69,0.8,0.271,0.744,0.476,0.095,3.25,3.36,3.48,3.7,0
2013,Lance Lynn,Cardinals,15,10,33,33,201.2,8.84,3.39,0.62,0.314,0.718,0.431,0.074,3.97,3.28,3.66,3.7,0
2008,Matt Cain,Giants,8,14,34,34,217.2,7.69,3.76,0.79,0.297,0.753,0.332,0.069,3.76,3.91,4.45,3.7,0
2009,Ted Lilly,Cubs,12,9,27,27,177,7.68,1.83,1.12,0.261,0.778,0.319,0.087,3.1,3.65,3.91,3.7,0
2013,Hyun-Jin Ryu,Dodgers,14,8,30,30,192,7.22,2.3,0.7,0.296,0.782,0.506,0.087,3,3.24,3.46,3.6,0
2008,Jake Peavy,Padres,10,11,27,27,173.2,8.6,3.06,0.88,0.279,0.822,0.406,0.097,2.85,3.6,3.65,3.6,0
2012,Kyle Lohse,Cardinals,16,3,33,33,211,6.1,1.62,0.81,0.262,0.772,0.405,0.082,2.86,3.51,3.96,3.6,0
2015,John Lackey,Cardinals,13,10,33,33,218,7.22,2.19,0.87,0.295,0.826,0.46,0.098,2.77,3.57,3.77,3.6,0
2010,Wandy Rodriguez,Astros,11,12,32,32,195,8.22,3.14,0.74,0.303,0.694,0.479,0.09,3.6,3.5,3.55,3.6,0
2011,Yovani Gallardo,Brewers,17,10,33,33,207.1,8.99,2.56,1.17,0.291,0.748,0.466,0.127,3.52,3.59,3.19,3.6,0
2008,Hiroki Kuroda,Dodgers,9,10,31,31,183.1,5.69,2.06,0.64,0.281,0.685,0.513,0.076,3.73,3.59,3.89,3.6,0
2009,Ryan Dempster,Cubs,11,9,31,31,200,7.74,2.93,0.99,0.302,0.732,0.472,0.11,3.65,3.87,3.76,3.6,0
2011,Shaun Marcum,Brewers,13,7,33,33,200.2,7.09,2.56,0.99,0.261,0.736,0.372,0.087,3.54,3.73,3.89,3.6,0
2013,Mike Minor,Braves,13,9,32,32,204.2,7.96,2.02,0.97,0.272,0.751,0.35,0.088,3.21,3.37,3.64,3.5,0
2011,Anibal Sanchez,Marlins,8,9,32,32,196.1,9.26,2.93,0.92,0.31,0.75,0.443,0.104,3.67,3.35,3.25,3.5,0
2009,Roy Oswalt,Astros,8,6,30,30,181.1,6.85,2.08,0.94,0.298,0.727,0.433,0.097,4.12,3.76,3.82,3.5,0
2013,Patrick Corbin,Diamondbacks,14,8,32,32,208.1,7.69,2.33,0.82,0.283,0.759,0.467,0.101,3.41,3.43,3.48,3.5,0
2010,Cole Hamels,Phillies,12,11,33,33,208.2,9.1,2.63,1.12,0.289,0.827,0.454,0.123,3.06,3.67,3.28,3.5,0
2015,Carlos Martinez,Cardinals,14,6,29,29,174.2,9.33,2.99,0.67,0.319,0.788,0.545,0.111,3.04,3.16,3.18,3.5,0
2010,Johan Santana,Mets,11,9,29,29,199,6.51,2.49,0.72,0.272,0.791,0.345,0.06,2.98,3.54,4.13,3.5,0
2014,Ian Kennedy,Padres,13,13,33,33,201,9.27,3.13,0.72,0.315,0.74,0.397,0.078,3.63,3.21,3.44,3.4,0
2009,Matt Cain,Giants,14,8,33,33,217.2,7.07,3.02,0.91,0.263,0.816,0.39,0.084,2.89,3.89,4.16,3.4,0
2014,Lance Lynn,Cardinals,15,10,33,33,203.2,8,3.18,0.57,0.29,0.781,0.443,0.061,2.74,3.35,3.81,3.4,0
2017,Gio Gonzalez,Nationals,15,9,32,32,201,8.42,3.54,0.94,0.258,0.816,0.458,0.111,2.96,3.93,4.24,3.4,0
2011,Jaime Garcia,Cardinals,13,7,32,32,194.2,7.21,2.31,0.69,0.318,0.668,0.536,0.089,3.56,3.23,3.31,3.4,0
2009,Jorge De La Rosa,Rockies,16,9,32,32,184,9.39,4.01,0.93,0.308,0.717,0.446,0.112,4.3,3.84,3.7,3.4,0
2007,Ian Snell,Pirates,9,12,32,32,208,7.66,2.94,0.95,0.308,0.751,0.459,0.096,3.76,4.01,4.02,3.4,0
2015,Shelby Miller,Braves,6,17,33,33,205.1,7.5,3.2,0.57,0.285,0.738,0.477,0.064,3.02,3.45,4.07,3.4,0
2011,Tim Hudson,Braves,16,10,33,33,215,6.61,2.34,0.59,0.273,0.724,0.567,0.088,3.22,3.39,3.48,3.4,0
2015,Kyle Hendricks,Cubs,8,7,32,32,180,8.35,2.15,0.85,0.296,0.699,0.513,0.124,3.95,3.36,3.25,3.4,0
2007,Bronson Arroyo,Reds,9,15,34,34,210.2,6.66,2.69,1.2,0.309,0.74,0.353,0.096,4.23,4.57,4.59,3.4,0
2013,Zack Greinke,Dodgers,15,4,28,28,177.2,7.5,2.33,0.66,0.276,0.808,0.456,0.086,2.63,3.23,3.45,3.4,0
2009,Randy Wolf,Dodgers,11,7,34,34,214.1,6.72,2.44,1.01,0.251,0.773,0.396,0.092,3.23,3.96,4.1,3.3,0
2017,Carlos Martinez,Cardinals,12,11,32,32,205,9.53,3.12,1.19,0.284,0.749,0.513,0.164,3.64,3.91,3.63,3.3,0
2010,Chris Carpenter,Cardinals,16,9,35,35,235,6.86,2.41,0.8,0.278,0.733,0.511,0.093,3.22,3.69,3.7,3.3,0
2013,Stephen Strasburg,Nationals,8,9,30,30,183,9.39,2.75,0.79,0.263,0.732,0.515,0.111,3,3.21,3.15,3.3,0
2016,Carlos Martinez,Cardinals,16,9,31,31,195.1,8.02,3.23,0.69,0.286,0.795,0.564,0.106,3.04,3.61,3.81,3.3,0
2016,Kenta Maeda,Dodgers,16,11,32,32,175.2,9.17,2.56,1.02,0.283,0.756,0.439,0.118,3.48,3.58,3.7,3.3,0
2012,Jordan Zimmermann,Nationals,12,8,32,32,195.2,7.04,1.98,0.83,0.288,0.793,0.434,0.092,2.94,3.51,3.78,3.3,0
2016,Tanner Roark,Nationals,16,10,33,33,207.2,7.37,3.16,0.74,0.271,0.795,0.488,0.096,2.86,3.82,4.18,3.2,0
2014,Julio Teheran,Braves,14,13,33,33,221,7.57,2.08,0.9,0.267,0.759,0.348,0.081,2.89,3.49,3.72,3.2,0
2009,Paul Maholm,Pirates,8,9,31,31,194.2,5.5,2.77,0.65,0.325,0.692,0.521,0.073,4.44,3.83,4.18,3.2,0
2009,Jason Marquis,Rockies,15,13,33,33,216,4.79,3.33,0.62,0.287,0.705,0.556,0.078,4.04,4.1,4.37,3.2,0
2013,Gio Gonzalez,Nationals,11,8,32,32,195.2,8.83,3.5,0.78,0.286,0.753,0.439,0.097,3.36,3.41,3.51,3.2,0
2010,Jason Hammel,Rockies,10,9,30,30,177.2,7.14,2.38,0.91,0.328,0.686,0.467,0.097,4.81,3.7,3.66,3.2,0
2008,Kyle Lohse,Cardinals,15,6,33,33,200,5.36,2.21,0.81,0.297,0.736,0.458,0.086,3.78,3.89,4.11,3.2,0
2013,Ricky Nolasco,- - -,13,11,33,33,198.1,7.44,2.09,0.77,0.298,0.707,0.428,0.087,3.72,3.36,3.59,3.2,0
2016,Julio Teheran,Braves,7,10,30,30,188,7.99,1.96,1.05,0.26,0.778,0.391,0.1,3.21,3.69,4.13,3.2,0
2014,Tanner Roark,Nationals,15,10,31,31,198.2,6.25,1.77,0.72,0.27,0.793,0.414,0.07,2.85,3.47,3.84,3.2,0
2007,John Maine,Mets,15,10,32,32,191,8.48,3.53,1.08,0.275,0.732,0.37,0.096,3.91,4.18,4.18,3.2,0
2016,Jeremy Hellickson,Phillies,12,10,32,32,189,7.33,2.14,1.14,0.274,0.725,0.407,0.127,3.71,3.98,3.99,3.2,0
2014,Tyson Ross,Padres,13,14,31,31,195.2,8.97,3.31,0.6,0.291,0.751,0.57,0.113,2.81,3.24,3.11,3.2,0
2008,Mike Pelfrey,Mets,13,11,32,32,200.2,4.93,2.87,0.54,0.302,0.743,0.496,0.063,3.72,3.96,4.45,3.1,0
2012,Josh Johnson,Marlins,8,14,31,31,191.1,7.76,3.06,0.66,0.302,0.719,0.462,0.084,3.81,3.4,3.73,3.1,0
2017,Gerrit Cole,Pirates,12,12,33,33,203,8.69,2.44,1.37,0.298,0.746,0.458,0.159,4.26,4.08,3.81,3.1,0
2013,Eric Stults,Padres,11,13,33,33,203.2,5.79,1.77,0.8,0.302,0.696,0.404,0.069,3.93,3.53,4.13,3.1,0
2009,Chad Billingsley,Dodgers,12,11,32,32,194.2,8.28,3.88,0.74,0.291,0.707,0.453,0.084,3.98,3.73,3.94,3.1,0
2011,Javier Vazquez,Marlins,13,11,32,32,192.2,7.57,2.34,0.98,0.279,0.693,0.342,0.08,3.69,3.57,3.87,3.1,0
2007,Rich Hill,Cubs,11,8,32,32,195,8.45,2.91,1.25,0.271,0.753,0.36,0.117,3.92,4.32,4,3.1,0
2007,Tom Gorzelanny,Pirates,14,10,32,32,201.2,6.02,3.03,0.8,0.305,0.758,0.421,0.07,3.88,4.24,4.68,3.1,0
2016,Robbie Ray,Diamondbacks,8,15,32,32,174.1,11.25,3.67,1.24,0.352,0.687,0.457,0.155,4.9,3.76,3.45,3.1,0
2007,Wandy Rodriguez,Astros,9,13,31,31,182.2,7.78,3.05,1.08,0.293,0.669,0.414,0.101,4.58,4.18,4.1,3.1,0
2007,Derek Lowe,Dodgers,12,14,32,32,198.1,6.63,2.68,0.91,0.289,0.681,0.649,0.171,3.9,3.99,3.41,3.1,0
2015,Lance Lynn,Cardinals,12,11,31,31,175.1,8.57,3.49,0.67,0.319,0.789,0.442,0.077,3.03,3.44,3.9,3.1,0
2012,Mat Latos,Reds,14,4,33,33,209.1,7.95,2.75,1.07,0.266,0.755,0.456,0.118,3.48,3.85,3.79,3.1,0
2016,John Lackey,Cubs,11,8,29,29,188.1,8.6,2.53,1.1,0.255,0.762,0.41,0.129,3.35,3.81,3.8,3.1,0
2012,Madison Bumgarner,Giants,16,11,32,32,208.1,8.25,2.12,0.99,0.276,0.735,0.479,0.117,3.37,3.5,3.45,3.1,0
2009,Kevin Correia,Padres,12,11,33,33,198,6.45,2.91,0.77,0.294,0.714,0.448,0.078,3.91,3.81,4.14,3.1,0
2015,Anthony DeSclafani,Reds,9,13,31,31,184.2,7.36,2.68,0.83,0.318,0.699,0.451,0.091,4.05,3.67,3.97,3.1,0
2011,Ricky Nolasco,Marlins,10,12,33,33,206,6.47,1.92,0.87,0.331,0.662,0.451,0.095,4.67,3.54,3.55,3,0
2017,Patrick Corbin,Diamondbacks,14,13,32,32,187,8.47,2.84,1.25,0.327,0.738,0.505,0.154,4.09,4.08,3.88,3,0
2012,A.J. Burnett,Pirates,16,10,31,31,202.1,8.01,2.76,0.8,0.294,0.741,0.569,0.127,3.51,3.52,3.4,3,0
2016,Gio Gonzalez,Nationals,11,11,32,32,177.1,8.68,2.99,0.96,0.316,0.676,0.476,0.125,4.57,3.76,3.8,3,0
2015,Jordan Zimmermann,Nationals,13,10,33,33,201.2,7.32,1.74,1.07,0.302,0.745,0.42,0.109,3.66,3.75,3.82,3,0
2010,Livan Hernandez,Nationals,10,12,33,33,211.2,4.85,2.72,0.68,0.287,0.73,0.393,0.058,3.66,3.95,4.57,2.9,0
2009,Max Scherzer,Diamondbacks,9,11,30,30,170.1,9.19,3.33,1.06,0.308,0.687,0.418,0.104,4.12,3.87,3.82,2.9,0
2016,Adam Wainwright,Cardinals,13,9,33,33,198.2,7.29,2.67,1,0.33,0.695,0.438,0.118,4.62,3.93,4.06,2.9,0
2007,Kyle Lohse,- - -,9,12,32,32,189.1,5.61,2.66,1.05,0.301,0.685,0.37,0.087,4.66,4.58,4.74,2.9,0
2014,Nathan Eovaldi,Marlins,6,14,33,33,199.2,6.4,1.94,0.63,0.323,0.655,0.448,0.066,4.37,3.37,3.78,2.9,0
2014,Bartolo Colon,Mets,15,13,31,31,202.1,6.72,1.33,0.98,0.307,0.702,0.393,0.088,4.09,3.57,3.68,2.9,0
2014,Ervin Santana,Braves,14,10,31,31,196,8.22,2.89,0.73,0.319,0.716,0.427,0.088,3.95,3.39,3.47,2.9,0
2008,Bronson Arroyo,Reds,15,11,34,34,200,7.34,3.06,1.31,0.314,0.701,0.415,0.131,4.77,4.5,4.07,2.8,0
2008,Ted Lilly,Cubs,17,9,34,34,204.2,8.09,2.81,1.41,0.27,0.76,0.336,0.121,4.09,4.41,4.08,2.8,0
2016,Jerad Eickhoff,Phillies,11,14,33,33,197.1,7.62,1.92,1.37,0.278,0.764,0.407,0.131,3.65,4.19,4.15,2.8,0
2008,Carlos Zambrano,Cubs,14,6,30,30,188.2,6.2,3.43,0.86,0.27,0.734,0.472,0.09,3.91,4.23,4.4,2.8,0
2012,Lucas Harrell,Astros,11,11,32,32,193.2,6.51,3.62,0.6,0.289,0.708,0.572,0.097,3.76,3.75,3.89,2.8,0
2013,Kris Medlen,Braves,15,11,31,31,194,7.19,2.13,0.79,0.297,0.763,0.45,0.094,3.11,3.42,3.55,2.8,0
2007,Carlos Zambrano,Cubs,18,13,34,34,216.1,7.36,4.2,0.96,0.269,0.749,0.468,0.102,3.95,4.58,4.51,2.8,0
2008,Jamie Moyer,Phillies,16,7,33,33,196.1,5.64,2.84,0.92,0.286,0.766,0.439,0.09,3.71,4.32,4.48,2.8,0
2009,Yovani Gallardo,Brewers,13,12,30,30,185.2,9.89,4.56,1.02,0.275,0.779,0.45,0.123,3.73,3.97,3.71,2.8,0
2012,Jeff Samardzija,Cubs,9,13,28,28,174.2,9.27,2.89,1.03,0.296,0.73,0.446,0.128,3.81,3.55,3.38,2.7,0
2017,Zach Davies,Brewers,17,9,33,33,191.1,5.83,2.59,0.94,0.302,0.742,0.502,0.12,3.9,4.22,4.42,2.7,0
2012,Homer Bailey,Reds,13,10,33,33,208,7.27,2.25,1.12,0.29,0.736,0.449,0.115,3.68,3.97,3.94,2.7,0
2007,Oliver Perez,Mets,15,10,29,29,177,8.85,4.02,1.12,0.271,0.716,0.328,0.088,3.56,4.35,4.5,2.7,0
2013,Travis Wood,Cubs,9,12,32,32,200,6.48,2.97,0.81,0.248,0.774,0.332,0.069,3.11,3.89,4.5,2.7,0
2011,Hiroki Kuroda,Dodgers,13,16,32,32,202,7.17,2.18,1.07,0.287,0.799,0.432,0.113,3.07,3.78,3.56,2.7,0
2013,Jeff Samardzija,Cubs,8,13,33,33,213.2,9.01,3.29,1.05,0.314,0.717,0.482,0.133,4.34,3.77,3.45,2.7,0
2010,R.A. Dickey,Mets,11,9,26,26,173.1,5.35,2.13,0.68,0.277,0.772,0.553,0.086,2.86,3.64,3.73,2.7,0
2012,Jon Niese,Mets,13,9,30,30,190.1,7.33,2.32,1.04,0.272,0.765,0.483,0.126,3.4,3.8,3.64,2.7,0
2016,Bartolo Colon,Mets,15,8,33,33,190.1,6.01,1.51,1.13,0.292,0.764,0.43,0.115,3.45,4,4.18,2.7,0
2012,Chris Capuano,Dodgers,12,12,33,33,198.1,7.35,2.45,1.13,0.284,0.732,0.403,0.111,3.72,3.95,3.97,2.7,0
2017,Jon Lester,Cubs,13,8,32,32,180.2,8.97,2.99,1.3,0.31,0.687,0.462,0.158,4.33,4.1,3.85,2.7,0
2010,Johnny Cueto,Reds,12,7,31,31,185.2,6.69,2.71,0.92,0.29,0.761,0.417,0.086,3.64,3.97,4.09,2.6,0
2008,Randy Wolf,- - -,12,12,33,33,190.1,7.66,3.36,0.99,0.305,0.711,0.388,0.097,4.3,4.17,4.24,2.6,0
2008,Paul Maholm,Pirates,9,9,31,31,206.1,6.06,2.75,0.92,0.29,0.755,0.536,0.121,3.71,4.15,3.94,2.6,0
2007,Jeff Suppan,Brewers,12,12,34,34,206.2,4.96,2.96,0.78,0.318,0.704,0.454,0.073,4.62,4.42,4.77,2.6,0
2016,Jeff Samardzija,Giants,12,11,32,32,203.1,7.39,2.39,1.06,0.285,0.743,0.465,0.119,3.81,3.85,3.96,2.6,0
2010,Ryan Dempster,Cubs,15,12,34,34,215.1,8.69,3.59,1.04,0.294,0.71,0.474,0.113,3.85,3.99,3.74,2.6,0
2010,Mike Pelfrey,Mets,15,9,33,33,203,5.01,2.97,0.53,0.3,0.735,0.476,0.058,3.68,3.81,4.29,2.6,0
2012,Yovani Gallardo,Brewers,16,9,33,33,204,9,3.57,1.15,0.29,0.784,0.477,0.149,3.66,3.94,3.55,2.6,0
2012,Bronson Arroyo,Reds,12,10,32,32,202,5.75,1.56,1.16,0.286,0.767,0.414,0.106,3.74,4.08,4.19,2.6,0
2012,Trevor Cahill,Diamondbacks,13,12,32,32,200,7.02,3.33,0.72,0.289,0.714,0.612,0.123,3.78,3.85,3.76,2.6,0
2010,Randy Wells,Cubs,8,14,32,32,194.1,6.67,2.92,0.88,0.311,0.72,0.469,0.094,4.26,3.93,3.94,2.6,0
2014,Zack Wheeler,Mets,11,11,32,32,185.1,9.08,3.84,0.68,0.304,0.729,0.54,0.101,3.54,3.55,3.49,2.6,0
2015,Alex Wood,- - -,12,12,32,32,189.2,6.6,2.8,0.71,0.313,0.729,0.495,0.094,3.84,3.69,3.9,2.6,0
2016,Mike Leake,Cardinals,9,12,30,30,176.2,6.37,1.53,1.02,0.318,0.656,0.537,0.135,4.69,3.83,3.76,2.5,0
2012,Ian Kennedy,Diamondbacks,15,12,33,33,208.1,8.08,2.38,1.21,0.306,0.749,0.373,0.108,4.02,4.04,4.13,2.5,0
2009,Derek Lowe,Braves,15,10,34,34,194.2,5.13,2.91,0.74,0.327,0.687,0.563,0.094,4.67,4.06,4.14,2.5,0
2014,Aaron Harang,Braves,12,12,33,33,204.1,7.09,3.13,0.66,0.318,0.748,0.394,0.064,3.57,3.57,4.03,2.5,0
2012,Ryan Vogelsong,Giants,14,9,31,31,189.2,7.5,2.94,0.81,0.284,0.76,0.435,0.082,3.37,3.7,4.15,2.5,0
2017,Tanner Roark,Nationals,13,11,30,30,175.1,8.32,3.23,1.13,0.3,0.669,0.485,0.134,4.57,4.12,4.15,2.5,0
2016,Chad Bettis,Rockies,14,8,32,32,186,6.68,2.85,1.06,0.31,0.681,0.512,0.139,4.79,4.26,4.14,2.5,0
2011,Ryan Dempster,Cubs,10,14,34,34,202.1,8.5,3.65,1.02,0.324,0.704,0.441,0.112,4.8,3.91,3.7,2.5,0
2013,Julio Teheran,Braves,14,8,30,30,185.2,8.24,2.18,1.07,0.288,0.809,0.378,0.101,3.2,3.69,3.76,2.5,0
2010,Ted Lilly,- - -,10,12,30,30,193.2,7.71,2.04,1.49,0.247,0.774,0.295,0.111,3.62,4.27,3.95,2.5,0
2007,Matt Morris,- - -,10,11,32,32,198.2,4.62,2.76,0.82,0.32,0.657,0.485,0.083,4.89,4.45,4.65,2.5,0
2011,R.A. Dickey,Mets,8,13,32,32,207.2,5.76,2.34,0.78,0.278,0.75,0.511,0.084,3.29,3.78,3.96,2.5,0
2012,Joe Blanton,- - -,10,12,30,30,190.1,7.85,1.61,1.37,0.309,0.679,0.446,0.155,4.68,3.9,3.36,2.4,0
2011,Kyle Lohse,Cardinals,14,8,30,30,188.1,5.3,2.01,0.76,0.269,0.713,0.414,0.072,3.39,3.67,4.04,2.4,0
2013,Shelby Miller,Cardinals,15,9,31,31,173.1,8.77,2.96,1.04,0.28,0.801,0.384,0.101,3.06,3.67,3.73,2.4,0
2015,Bartolo Colon,Mets,14,13,31,31,192.2,6.21,1.12,1.17,0.307,0.718,0.421,0.107,4.2,3.88,3.97,2.4,0
2008,Greg Maddux,- - -,8,13,33,33,194,4.55,1.39,0.97,0.282,0.641,0.493,0.109,4.22,4.09,3.98,2.4,0
2015,Jason Hammel,Cubs,10,7,31,31,170.2,9.07,2.11,1.21,0.288,0.728,0.383,0.128,3.74,3.68,3.47,2.4,0
2017,Jhoulys Chacin,Padres,13,10,32,32,180.1,7.64,3.59,0.95,0.272,0.744,0.491,0.114,3.89,4.26,4.54,2.4,0
2007,Matt Belisle,Reds,8,9,30,30,177.2,6.33,2.18,1.32,0.326,0.669,0.418,0.123,5.32,4.58,4.17,2.4,0
2012,Wandy Rodriguez,- - -,11,13,33,33,203.2,6.01,2.43,0.93,0.281,0.701,0.478,0.101,3.8,3.95,4.11,2.4,0
2017,Clayton Richard,Padres,8,15,32,32,197.1,6.89,2.69,1.09,0.351,0.706,0.592,0.194,4.79,4.23,3.76,2.4,0
2009,Zach Duke,Pirates,11,16,32,32,213,4.48,2.07,0.97,0.293,0.726,0.477,0.1,4.06,4.24,4.25,2.4,0
2010,Clayton Richard,Padres,14,9,33,33,201.2,6.83,3.48,0.71,0.311,0.749,0.461,0.077,3.75,3.81,4.04,2.4,0
2014,Jon Niese,Mets,9,11,30,30,187.2,6.62,2.16,0.82,0.304,0.746,0.477,0.098,3.4,3.67,3.63,2.3,0
2013,Kyle Lohse,Brewers,11,10,32,32,198.2,5.66,1.63,1.18,0.276,0.791,0.402,0.108,3.35,4.08,4.03,2.3,0
2014,Kyle Lohse,Brewers,13,9,31,31,198.1,6.4,2.04,1,0.268,0.726,0.401,0.089,3.54,3.95,4.05,2.3,0
2014,Mike Leake,Reds,11,13,33,33,214.1,6.89,2.1,0.97,0.298,0.755,0.534,0.131,3.7,3.88,3.49,2.3,0
2015,Michael Wacha,Cardinals,17,7,30,30,181.1,7.59,2.88,0.94,0.272,0.762,0.458,0.112,3.37,3.87,3.88,2.3,0
2010,Jonathan Sanchez,Giants,13,9,33,33,193,9.51,4.48,0.98,0.252,0.794,0.415,0.098,3.08,4,3.94,2.3,0
2007,Doug Davis,Diamondbacks,13,12,33,33,192.2,6.73,4.44,0.98,0.318,0.749,0.47,0.103,4.25,4.72,4.62,2.2,0
2011,Chad Billingsley,Dodgers,11,11,32,32,188,7.28,4.02,0.67,0.306,0.699,0.453,0.073,4.21,3.83,4.14,2.2,0
2007,Dave Bush,Brewers,10,10,31,31,183.1,6.53,2.06,1.33,0.321,0.686,0.428,0.118,5.2,4.57,4.22,2.2,0
2009,Joe Blanton,Phillies,12,8,31,31,195.1,7.51,2.72,1.38,0.291,0.789,0.406,0.129,4.05,4.45,4.02,2.2,0
2010,Derek Lowe,Braves,16,12,33,33,193.2,6.32,2.83,0.84,0.307,0.742,0.588,0.131,4,3.89,3.54,2.2,0
2015,Andrew Cashner,Padres,6,16,31,31,184.2,8.04,3.22,0.93,0.33,0.656,0.474,0.115,4.34,3.85,3.84,2.2,0
2011,Randy Wolf,Brewers,13,10,33,33,212.1,5.68,2.8,0.97,0.286,0.759,0.374,0.086,3.69,4.29,4.46,2.2,0
2012,Ricky Nolasco,Marlins,12,13,31,31,191,5.89,2.21,0.85,0.309,0.693,0.466,0.091,4.48,3.87,4.17,2.2,0
2013,Yovani Gallardo,Brewers,12,10,31,31,180.2,7.17,3.29,0.9,0.299,0.702,0.492,0.119,4.18,3.89,3.74,2.2,0
2012,Jake Westbrook,Cardinals,13,11,28,28,174.2,5.46,2.68,0.62,0.312,0.709,0.581,0.1,3.97,3.8,3.92,2.1,0
2012,Edwin Jackson,Nationals,10,11,31,31,189.2,7.97,2.75,1.09,0.278,0.712,0.473,0.117,4.03,3.85,3.79,2.1,0
2009,Barry Zito,Giants,10,13,33,33,192,7.22,3.8,0.98,0.285,0.75,0.379,0.095,4.03,4.31,4.4,2.1,0
2008,Brett Myers,Phillies,10,13,30,30,190,7.72,3.08,1.37,0.303,0.726,0.471,0.157,4.55,4.52,3.82,2.1,0
2010,Tim Hudson,Braves,17,9,34,34,228.2,5.47,2.91,0.79,0.249,0.812,0.641,0.131,2.83,4.09,3.77,2.1,0
2009,Jon Garland,- - -,11,13,33,33,204,4.81,2.69,1.01,0.296,0.716,0.457,0.095,4.01,4.48,4.56,2.1,0
2011,Derek Lowe,Braves,9,17,34,34,187,6.59,3.37,0.67,0.327,0.659,0.59,0.102,5.05,3.7,3.65,2.1,0
2014,Henderson Alvarez,Marlins,12,7,30,30,187,5.34,1.59,0.67,0.304,0.793,0.538,0.095,2.65,3.58,3.57,2.1,0
2012,Tim Hudson,Braves,16,7,28,28,179,5.13,2.41,0.6,0.27,0.711,0.555,0.083,3.62,3.78,4.1,2.1,0
2011,Jhoulys Chacin,Rockies,11,14,31,31,194,6.96,4.04,0.93,0.261,0.745,0.563,0.122,3.62,4.23,3.95,2,0
2015,Jimmy Nelson,Brewers,11,13,30,30,177.1,7.51,3.3,0.91,0.285,0.704,0.506,0.118,4.11,4.1,4.06,2,0
2011,Ryan Vogelsong,Giants,13,7,28,28,175,6.99,3.14,0.77,0.281,0.801,0.454,0.085,2.78,3.72,3.87,2,0
2014,Tim Hudson,Giants,9,13,31,31,189.1,5.7,1.62,0.71,0.3,0.703,0.531,0.093,3.57,3.54,3.57,2,0
2011,Bud Norris,Astros,6,11,31,31,186,8.52,3.39,1.16,0.294,0.728,0.397,0.117,3.77,4.02,3.73,2,0
2017,Dan Straily,Marlins,10,9,33,33,181.2,8.42,2.97,1.54,0.288,0.764,0.342,0.13,4.26,4.58,4.7,2,0
2012,Aaron Harang,Dodgers,10,10,31,31,179.2,6.56,4.26,0.7,0.277,0.723,0.386,0.063,3.61,4.14,4.95,2,0
2008,Zach Duke,Pirates,5,14,31,31,185,4.23,2.29,0.92,0.315,0.672,0.482,0.093,4.82,4.4,4.52,2,0
2013,Mike Leake,Reds,14,7,31,31,192.1,5.71,2.25,0.98,0.285,0.777,0.487,0.115,3.37,4.04,3.91,2,0
2014,Yovani Gallardo,Brewers,8,11,32,32,192.1,6.83,2.53,0.98,0.294,0.747,0.508,0.121,3.51,3.94,3.64,2,0
2007,Jamie Moyer,Phillies,14,12,33,33,199.1,6.01,2.98,1.35,0.303,0.697,0.394,0.118,5.01,4.93,4.58,2,0
2008,Todd Wellemeyer,Cardinals,13,9,32,32,191.2,6.29,2.91,1.17,0.264,0.769,0.393,0.106,3.71,4.51,4.44,2,0
2017,Ivan Nova,Pirates,11,14,31,31,187,6.3,1.73,1.4,0.299,0.73,0.457,0.158,4.14,4.46,4.19,2,0
2011,Ted Lilly,Dodgers,12,14,33,33,192.2,7.38,2.38,1.31,0.26,0.747,0.336,0.106,3.97,4.21,4.03,2,0
2013,Kyle Kendrick,Phillies,10,13,30,30,182,5.44,2.32,0.89,0.306,0.666,0.494,0.095,4.7,4.01,4.15,2,0
2009,Bronson Arroyo,Reds,15,13,33,33,220.1,5.19,2.66,1.27,0.265,0.765,0.448,0.119,3.84,4.78,4.5,2,0
2014,Josh Collmenter,Diamondbacks,10,9,28,28,170.1,5.81,1.85,0.9,0.267,0.711,0.383,0.082,3.54,3.83,4.04,2,0
2013,Edwin Jackson,Cubs,8,18,31,31,175.1,6.93,3.03,0.82,0.322,0.633,0.513,0.099,4.98,3.79,3.86,2,0
2012,Paul Maholm,- - -,13,11,31,31,188,6.7,2.54,0.96,0.28,0.755,0.512,0.129,3.69,4.01,3.84,2,0
2011,Chris Capuano,Mets,11,12,31,31,185,8.17,2.53,1.31,0.309,0.719,0.426,0.12,4.52,4.03,3.66,1.9,0
2010,Ian Kennedy,Diamondbacks,9,10,32,32,194,7.79,3.25,1.21,0.256,0.755,0.371,0.108,3.8,4.33,4.1,1.9,0
2013,Dillon Gee,Mets,12,11,32,32,199,6.42,2.13,1.09,0.296,0.779,0.426,0.101,3.62,4,4.07,1.9,0
2014,Wily Peralta,Brewers,17,11,32,32,198.2,6.98,2.76,1.04,0.295,0.761,0.536,0.139,3.53,4.11,3.64,1.8,0
2011,Charlie Morton,Pirates,10,10,29,29,171.2,5.77,4.04,0.31,0.32,0.725,0.585,0.058,3.83,3.77,4.08,1.8,0
2010,Joe Blanton,Phillies,9,6,28,28,174.2,6.9,2.16,1.34,0.318,0.689,0.421,0.119,4.74,4.25,3.85,1.8,0
2011,Livan Hernandez,Nationals,8,13,29,29,175.1,5.08,2.36,0.82,0.313,0.668,0.424,0.076,4.47,3.96,4.28,1.8,0
2010,Barry Zito,Giants,9,13,33,33,198.1,6.81,3.77,0.91,0.277,0.72,0.361,0.075,4.13,4.24,4.56,1.8,0
2013,Wade Miley,Diamondbacks,10,10,33,33,202.2,6.53,2.93,0.93,0.296,0.758,0.52,0.125,3.55,3.98,3.77,1.8,0
2007,Paul Maholm,Pirates,10,15,29,29,177.2,5.32,2.48,1.11,0.312,0.653,0.533,0.127,5.02,4.6,4.21,1.8,0
2011,Wandy Rodriguez,Astros,11,11,30,30,191,7.82,3.25,1.18,0.289,0.792,0.452,0.13,3.49,4.15,3.72,1.8,0
2013,Tim Lincecum,Giants,10,14,32,32,197.2,8.79,3.46,0.96,0.3,0.694,0.453,0.121,4.37,3.74,3.56,1.8,0
2010,Jon Niese,Mets,9,10,30,30,173.2,7.67,3.21,1.04,0.324,0.706,0.477,0.118,4.2,4.1,3.8,1.7,0
2010,Bronson Arroyo,Reds,17,10,33,33,215.2,5.05,2.46,1.21,0.239,0.744,0.434,0.105,3.88,4.61,4.42,1.7,0
2008,Braden Looper,Cardinals,12,14,33,33,199,4.88,2.04,1.13,0.292,0.722,0.484,0.117,4.16,4.52,4.3,1.7,0
2008,Oliver Perez,Mets,10,7,34,34,194,8.35,4.87,1.11,0.271,0.734,0.32,0.098,4.22,4.68,4.74,1.7,0
2009,Mike Pelfrey,Mets,10,12,31,31,184.1,5.22,3.22,0.88,0.312,0.667,0.513,0.095,5.03,4.39,4.47,1.7,0
2011,Brett Myers,Astros,7,14,33,33,214,6.6,2.4,1.26,0.293,0.7,0.479,0.13,4.46,4.24,3.76,1.7,0
2015,Brett Anderson,Dodgers,10,9,31,31,180.1,5.79,2.3,0.9,0.31,0.738,0.663,0.17,3.69,3.94,3.51,1.6,0
2009,Livan Hernandez,- - -,9,12,31,31,183.2,5,3.28,0.93,0.326,0.673,0.406,0.084,5.44,4.44,4.72,1.6,0
2015,Mike Leake,- - -,11,10,30,30,192,5.58,2.3,1.03,0.26,0.748,0.518,0.138,3.7,4.2,3.93,1.6,0
2014,Tom Koehler,Marlins,10,10,32,32,191.1,7.2,3.34,0.75,0.29,0.735,0.431,0.074,3.81,3.84,4.15,1.6,0
2017,R.A. Dickey,Braves,10,10,31,31,190,6.44,3.17,1.23,0.29,0.732,0.469,0.132,4.26,4.72,4.79,1.6,0
2014,Wade Miley,Diamondbacks,8,12,33,33,201.1,8.18,3.35,1.03,0.317,0.721,0.511,0.139,4.34,3.98,3.5,1.6,0
2009,Johnny Cueto,Reds,11,11,30,30,171.1,6.93,3.2,1.26,0.291,0.736,0.416,0.112,4.41,4.69,4.51,1.6,0
2007,Barry Zito,Giants,11,13,33,33,195.2,6.03,3.82,1.1,0.261,0.697,0.392,0.096,4.55,4.83,4.83,1.6,0
2014,Jorge De La Rosa,Rockies,14,11,32,32,184.1,6.79,3.27,1.03,0.263,0.708,0.516,0.129,4.1,4.34,3.95,1.6,0
2014,A.J. Burnett,Phillies,8,18,34,34,213.2,8,4.04,0.84,0.302,0.675,0.509,0.113,4.59,4.14,3.95,1.6,0
2010,Paul Maholm,Pirates,9,15,32,32,185.1,4.95,3.01,0.73,0.327,0.648,0.509,0.077,5.1,4.18,4.41,1.5,0
2012,Mark Buehrle,Marlins,13,13,31,31,202.1,5.56,1.78,1.16,0.27,0.748,0.413,0.114,3.74,4.18,4.17,1.5,0
2008,Aaron Harang,Reds,6,17,29,29,180.1,7.19,2.45,1.75,0.307,0.732,0.34,0.139,4.89,4.91,4.22,1.5,0
2012,Edinson Volquez,Padres,11,11,32,32,182.2,8.57,5.17,0.69,0.292,0.731,0.506,0.099,4.14,4.06,4.2,1.5,0
2013,Matt Cain,Giants,8,10,30,30,184.1,7.71,2.69,1.12,0.26,0.716,0.377,0.108,4,3.93,3.88,1.5,0
2007,Tom Glavine,Mets,13,8,34,34,200.1,4,2.88,1.03,0.29,0.726,0.418,0.091,4.45,4.86,4.95,1.5,0
2008,Johnny Cueto,Reds,9,14,31,31,174,8.17,3.52,1.5,0.298,0.725,0.386,0.139,4.81,4.9,4.31,1.5,0
2011,Tim Stauffer,Padres,9,12,31,31,185.2,6.2,2.57,0.97,0.282,0.751,0.518,0.125,3.73,4.03,3.71,1.5,0
2007,Jason Marquis,Cubs,12,9,33,33,191,5.04,3.53,1.04,0.264,0.685,0.495,0.106,4.43,4.98,4.85,1.4,0
2013,Wily Peralta,Brewers,11,15,32,32,183.1,6.33,3.58,0.93,0.293,0.666,0.51,0.119,4.37,4.3,4.13,1.4,0
2014,Dan Haren,Dodgers,13,11,32,32,186,7.02,1.74,1.31,0.276,0.657,0.415,0.119,4.02,4.09,3.7,1.4,0
2015,Chris Heston,Giants,12,11,31,31,177.2,7.14,3.24,0.81,0.299,0.734,0.53,0.118,3.95,4.02,3.98,1.4,0
2012,Mike Leake,Reds,8,9,30,30,179,5.83,2.06,1.31,0.306,0.71,0.489,0.167,4.58,4.42,3.82,1.4,0
2014,Ryan Vogelsong,Giants,8,13,32,32,184.2,7.36,2.83,0.88,0.294,0.723,0.384,0.088,4,3.85,3.96,1.4,0
2009,John Lannan,Nationals,9,13,33,33,206.1,3.88,2.97,0.96,0.272,0.727,0.519,0.105,3.88,4.7,4.64,1.4,0
2009,Doug Davis,Diamondbacks,9,14,34,34,203.1,6.46,4.56,1.11,0.291,0.76,0.431,0.117,4.12,4.84,4.62,1.4,0
2017,Lance Lynn,Cardinals,11,8,33,33,186.1,7.39,3.77,1.3,0.244,0.79,0.44,0.142,3.43,4.82,4.75,1.4,0
2008,John Lannan,Nationals,9,15,31,31,182,5.79,3.56,1.14,0.266,0.74,0.542,0.152,3.91,4.79,4.24,1.4,0
2007,Braden Looper,Cardinals,12,12,30,30,174.2,4.48,2.63,1.13,0.275,0.668,0.42,0.102,4.9,4.83,4.74,1.3,0
2008,Barry Zito,Giants,10,17,32,32,180,6,5.1,0.8,0.295,0.657,0.364,0.068,5.15,4.72,5.29,1.3,0
2012,James McDonald,Pirates,12,8,29,29,171,7.95,3.58,1.05,0.268,0.713,0.394,0.108,4.05,4.09,4.17,1.3,0
2014,Alfredo Simon,Reds,15,10,32,32,196.1,5.82,2.57,1.01,0.265,0.775,0.482,0.118,3.44,4.33,4.05,1.3,0
2011,John Lannan,Nationals,10,13,33,33,184.2,5.17,3.7,0.73,0.296,0.731,0.541,0.101,3.7,4.28,4.24,1.2,0
2009,Ross Ohlendorf,Pirates,11,10,29,29,176.2,5.55,2.7,1.27,0.264,0.763,0.406,0.111,3.92,4.72,4.56,1.2,0
2008,Dave Bush,Brewers,9,10,29,29,181,5.32,2.34,1.44,0.239,0.712,0.405,0.121,4.28,4.98,4.64,1.2,0
2011,Aaron Harang,Padres,14,7,28,28,170.2,6.54,3.06,1.05,0.302,0.784,0.406,0.094,3.64,4.17,4.21,1.2,0
2012,Mike Minor,Braves,11,10,30,30,179.1,7.28,2.81,1.3,0.252,0.706,0.354,0.117,4.12,4.38,4.32,1.2,0
2013,Bronson Arroyo,Reds,14,12,32,32,202,5.52,1.51,1.43,0.267,0.779,0.444,0.14,3.79,4.49,3.97,1.2,0
2008,Tim Redding,Nationals,10,11,33,33,182,5.93,3.21,1.34,0.294,0.685,0.398,0.113,4.95,4.93,4.72,1.2,0
2010,Chris Volstad,Marlins,12,9,30,30,175,5.25,3.09,0.87,0.298,0.696,0.479,0.088,4.58,4.34,4.43,1.1,0
2016,Dan Straily,Reds,14,8,31,31,183,7.57,3.39,1.48,0.244,0.813,0.325,0.121,3.79,4.87,5,1.1,0
2016,Tom Koehler,Marlins,9,13,33,33,176.2,7.49,4.23,1.12,0.298,0.733,0.422,0.121,4.33,4.6,4.69,1.1,0
2015,Julio Teheran,Braves,11,8,33,33,200.2,7.67,3.27,1.21,0.288,0.738,0.395,0.13,4.04,4.4,4.19,1.1,0
2010,Jon Garland,Padres,14,12,33,33,200,6.12,3.92,0.9,0.265,0.759,0.519,0.11,3.47,4.41,4.22,1.1,0
2017,Julio Teheran,Braves,11,13,32,32,188.1,7.22,3.44,1.48,0.281,0.731,0.4,0.137,4.49,4.95,4.96,1.1,0
2014,Travis Wood,Cubs,8,13,31,31,173.2,7.57,3.94,1.04,0.32,0.665,0.344,0.088,5.03,4.38,4.51,1.1,0
2015,James Shields,Padres,13,7,33,33,202.1,9.61,3.6,1.47,0.299,0.799,0.449,0.176,3.91,4.45,3.7,1,0
2008,Scott Olsen,Marlins,8,11,33,33,201.2,5.04,3.08,1.34,0.258,0.716,0.374,0.109,4.2,5.02,4.89,1,0
2012,Tim Lincecum,Giants,10,15,33,33,186,9.19,4.35,1.11,0.309,0.678,0.459,0.146,5.18,4.18,3.81,1,0
2011,Jake Westbrook,Cardinals,12,9,33,33,183.1,5.11,3.58,0.79,0.313,0.691,0.593,0.114,4.66,4.25,4.08,0.9,0
2015,Dan Haren,- - -,11,9,32,32,187.1,6.34,1.83,1.49,0.256,0.798,0.306,0.11,3.6,4.61,4.69,0.9,0
2017,Matt Moore,Giants,6,15,31,31,172.1,7.68,3.5,1.41,0.321,0.668,0.374,0.117,5.59,4.78,5.12,0.9,0
2015,Aaron Harang,Phillies,6,15,29,29,172.1,5.64,2.66,1.36,0.293,0.697,0.361,0.105,4.86,4.83,4.99,0.9,0
2011,Mike Pelfrey,Mets,7,13,33,33,193.1,4.89,3.03,0.98,0.299,0.691,0.457,0.092,4.7,4.47,4.54,0.9,0
2014,Edinson Volquez,Pirates,13,7,31,31,190.2,6.51,3.35,0.8,0.263,0.774,0.503,0.092,3.07,4.18,4.22,0.9,0
2007,Dontrelle Willis,Marlins,10,15,35,35,205.1,6.4,3.81,1.27,0.318,0.7,0.464,0.134,5.17,5.13,4.62,0.9,0
2012,Barry Zito,Giants,15,8,32,32,184.1,5.57,3.42,0.98,0.281,0.73,0.404,0.087,4.15,4.49,4.92,0.9,0
2014,Kyle Kendrick,Phillies,10,13,32,32,199,5.47,2.58,1.13,0.29,0.705,0.446,0.11,4.61,4.57,4.35,0.9,0
2015,Jon Niese,Mets,9,10,29,29,173,5.83,2.81,1.04,0.296,0.71,0.545,0.145,4.16,4.43,4.11,0.9,0
2010,Randy Wolf,Brewers,13,12,34,34,215.2,5.93,3.63,1.21,0.275,0.753,0.394,0.102,4.17,4.85,4.71,0.8,0
2007,Woody Williams,Astros,8,15,31,31,186.2,4.87,2.56,1.64,0.283,0.73,0.393,0.12,5.06,5.57,5.11,0.7,0
2012,Tommy Hanson,Braves,13,10,31,31,174.2,8.3,3.66,1.39,0.314,0.741,0.398,0.135,4.48,4.57,4.24,0.7,0
2016,Jimmy Nelson,Brewers,8,16,32,32,179.1,7.03,4.32,1.25,0.299,0.713,0.494,0.145,4.62,5.12,4.91,0.6,0
2013,Ian Kennedy,- - -,7,10,31,31,181.1,8.09,3.62,1.34,0.295,0.691,0.382,0.132,4.91,4.59,4.19,0.6,0
2014,Shelby Miller,Cardinals,10,9,31,31,182,6.28,3.56,1.09,0.254,0.765,0.399,0.1,3.76,4.53,4.46,0.6,0
2011,Joe Saunders,Diamondbacks,12,13,33,33,212,4.58,2.84,1.23,0.271,0.777,0.445,0.124,3.69,4.78,4.38,0.5,0
2007,Scott Olsen,Marlins,10,15,33,33,176.2,6.78,4.33,1.48,0.341,0.656,0.376,0.128,5.81,5.33,4.81,0.5,0
2015,Tom Koehler,Marlins,11,14,31,31,184.1,6.49,3.76,1.07,0.283,0.717,0.462,0.111,4.15,4.59,4.64,0.5,0
2015,Rubby de la Rosa,Diamondbacks,14,9,32,32,188.2,7.16,3.01,1.53,0.288,0.73,0.491,0.168,4.67,4.81,4.1,0.5,0
2010,Kyle Kendrick,Phillies,11,10,31,31,177.2,4.15,2.43,1.32,0.284,0.684,0.443,0.11,4.81,4.92,4.64,0.4,0
2016,Brandon Finnegan,Reds,10,11,31,31,172,7.59,4.4,1.52,0.256,0.77,0.381,0.149,3.98,5.19,4.87,0.4,0
2012,Clayton Richard,Padres,14,14,33,33,218.2,4.4,1.73,1.28,0.272,0.714,0.538,0.15,3.99,4.62,4.16,0.4,0
2011,James McDonald,Pirates,9,9,31,31,171,7.47,4.11,1.26,0.302,0.77,0.389,0.11,4.21,4.68,4.46,0.4,0
2007,Livan Hernandez,Diamondbacks,11,11,33,33,204.1,3.96,3.48,1.5,0.303,0.76,0.385,0.118,4.93,5.77,5.37,0.2,0
2010,Dave Bush,Brewers,8,13,31,31,174,5.48,3.36,1.45,0.295,0.698,0.395,0.113,4.55,5.14,4.79,0.1,0
2010,Rodrigo Lopez,Diamondbacks,7,16,33,33,200,5.22,2.52,1.67,0.287,0.683,0.376,0.133,5,5.21,4.5,0.1,0
2014,Eric Stults,Padres,8,17,32,32,176,5.68,2.3,1.33,0.296,0.73,0.433,0.125,4.3,4.63,4.17,0,0
2008,Jeff Suppan,Brewers,10,10,31,31,177.2,4.56,3.39,1.52,0.301,0.712,0.444,0.157,4.96,5.51,4.73,0,0
2009,Braden Looper,Brewers,14,7,34,34,194.2,4.62,2.96,1.8,0.284,0.716,0.464,0.158,5.22,5.74,4.8,-0.5,0
2011,Bronson Arroyo,Reds,9,12,32,32,199,4.88,2.04,2.08,0.278,0.744,0.387,0.159,5.07,5.71,4.54,-1.1,0
